Pressure,Permeability,Thickness,Inclination,WGR,GasFlow
1,10,1,0,0,0.0
1,10,1,0,5,0.0
1,10,1,0,10,0.0
1,10,1,0,40,0.0
1,10,1,0,70,0.0
1,10,1,0,100,0.0
1,10,1,30,0,0.0
1,10,1,30,5,0.0
1,10,1,30,10,0.0
1,10,1,30,40,0.0
1,10,1,30,70,0.0
1,10,1,30,100,0.0
1,10,1,60,0,0.0
1,10,1,60,5,0.0
1,10,1,60,10,0.0
1,10,1,60,40,0.0
1,10,1,60,70,0.0
1,10,1,60,100,0.0
1,10,5,0,0,3.7
1,10,5,0,5,3.0
1,10,5,0,10,3.0
1,10,5,0,40,3.0
1,10,5,0,70,2.9
1,10,5,0,100,2.9
1,10,5,30,0,3.6
1,10,5,30,5,3.0
1,10,5,30,10,3.0
1,10,5,30,40,2.9
1,10,5,30,70,2.9
1,10,5,30,100,2.9
1,10,5,60,0,3.6
1,10,5,60,5,2.9
1,10,5,60,10,2.9
1,10,5,60,40,2.8
1,10,5,60,70,2.8
1,10,5,60,100,2.8
1,10,10,0,0,7.1
1,10,10,0,5,6.6
1,10,10,0,10,6.5
1,10,10,0,40,6.4
1,10,10,0,70,6.3
1,10,10,0,100,6.3
1,10,10,30,0,7.1
1,10,10,30,5,6.5
1,10,10,30,10,6.4
1,10,10,30,40,6.3
1,10,10,30,70,6.3
1,10,10,30,100,6.2
1,10,10,60,0,6.9
1,10,10,60,5,6.2
1,10,10,60,10,6.1
1,10,10,60,40,6.0
1,10,10,60,70,5.9
1,10,10,60,100,5.8
1,10,20,0,0,12.9
1,10,20,0,5,12.3
1,10,20,0,10,12.0
1,10,20,0,40,11.5
1,10,20,0,70,11.2
1,10,20,0,100,10.9
1,10,20,30,0,12.7
1,10,20,30,5,12.0
1,10,20,30,10,11.8
1,10,20,30,40,11.2
1,10,20,30,70,10.9
1,10,20,30,100,10.5
1,10,20,60,0,11.7
1,10,20,60,5,10.8
1,10,20,60,10,10.5
1,10,20,60,40,9.8
1,10,20,60,70,9.4
1,10,20,60,100,9.1
1,10,50,0,0,22.4
1,10,50,0,5,21.0
1,10,50,0,10,20.2
1,10,50,0,40,18.5
1,10,50,0,70,17.5
1,10,50,0,100,16.7
1,10,50,30,0,21.5
1,10,50,30,5,20.1
1,10,50,30,10,19.3
1,10,50,30,40,17.7
1,10,50,30,70,16.7
1,10,50,30,100,15.8
1,10,50,60,0,18.2
1,10,50,60,5,16.6
1,10,50,60,10,15.8
1,10,50,60,40,14.3
1,10,50,60,70,13.4
1,10,50,60,100,12.6
1,50,1,0,0,3.1
1,50,1,0,5,2.4
1,50,1,0,10,2.4
1,50,1,0,40,2.4
1,50,1,0,70,2.4
1,50,1,0,100,2.4
1,50,1,30,0,3.1
1,50,1,30,5,2.4
1,50,1,30,10,2.4
1,50,1,30,40,2.4
1,50,1,30,70,2.4
1,50,1,30,100,2.4
1,50,1,60,0,3.1
1,50,1,60,5,2.4
1,50,1,60,10,2.4
1,50,1,60,40,2.3
1,50,1,60,70,2.3
1,50,1,60,100,2.3
1,50,5,0,0,13.7
1,50,5,0,5,13.1
1,50,5,0,10,12.8
1,50,5,0,40,12.3
1,50,5,0,70,11.9
1,50,5,0,100,11.6
1,50,5,30,0,13.5
1,50,5,30,5,12.8
1,50,5,30,10,12.5
1,50,5,30,40,12.0
1,50,5,30,70,11.6
1,50,5,30,100,11.2
1,50,5,60,0,12.4
1,50,5,60,5,11.5
1,50,5,60,10,11.2
1,50,5,60,40,10.5
1,50,5,60,70,10.0
1,50,5,60,100,9.7
1,50,10,0,0,21.3
1,50,10,0,5,20.0
1,50,10,0,10,19.3
1,50,10,0,40,17.9
1,50,10,0,70,17.0
1,50,10,0,100,16.2
1,50,10,30,0,20.5
1,50,10,30,5,19.2
1,50,10,30,10,18.6
1,50,10,30,40,17.1
1,50,10,30,70,16.2
1,50,10,30,100,15.4
1,50,10,60,0,17.6
1,50,10,60,5,16.1
1,50,10,60,10,15.4
1,50,10,60,40,14.0
1,50,10,60,70,13.1
1,50,10,60,100,12.4
1,50,20,0,0,27.5
1,50,20,0,5,25.5
1,50,20,0,10,24.4
1,50,20,0,40,21.9
1,50,20,0,70,20.5
1,50,20,0,100,19.3
1,50,20,30,0,26.1
1,50,20,30,5,24.1
1,50,20,30,10,23.0
1,50,20,30,40,20.7
1,50,20,30,70,19.3
1,50,20,30,100,18.1
1,50,20,60,0,21.2
1,50,20,60,5,19.2
1,50,20,60,10,18.2
1,50,20,60,40,16.2
1,50,20,60,70,15.0
1,50,20,60,100,14.1
1,50,50,0,0,32.1
1,50,50,0,5,29.5
1,50,50,0,10,27.9
1,50,50,0,40,24.7
1,50,50,0,70,22.8
1,50,50,0,100,21.3
1,50,50,30,0,30.1
1,50,50,30,5,27.6
1,50,50,30,10,26.1
1,50,50,30,40,23.1
1,50,50,30,70,21.3
1,50,50,30,100,19.9
1,50,50,60,0,23.6
1,50,50,60,5,21.2
1,50,50,60,10,20.0
1,50,50,60,40,17.6
1,50,50,60,70,16.2
1,50,50,60,100,15.1
1,100,1,0,0,5.5
1,100,1,0,5,5.1
1,100,1,0,10,5.1
1,100,1,0,40,5.0
1,100,1,0,70,5.0
1,100,1,0,100,5.0
1,100,1,30,0,5.5
1,100,1,30,5,5.1
1,100,1,30,10,5.0
1,100,1,30,40,5.0
1,100,1,30,70,5.0
1,100,1,30,100,4.9
1,100,1,60,0,5.4
1,100,1,60,5,4.9
1,100,1,60,10,4.9
1,100,1,60,40,4.8
1,100,1,60,70,4.7
1,100,1,60,100,4.7
1,100,5,0,0,20.3
1,100,5,0,5,19.2
1,100,5,0,10,18.6
1,100,5,0,40,17.3
1,100,5,0,70,16.5
1,100,5,0,100,15.8
1,100,5,30,0,19.6
1,100,5,30,5,18.5
1,100,5,30,10,17.9
1,100,5,30,40,16.6
1,100,5,30,70,15.7
1,100,5,30,100,15.0
1,100,5,60,0,17.1
1,100,5,60,5,15.7
1,100,5,60,10,15.0
1,100,5,60,40,13.7
1,100,5,60,70,12.9
1,100,5,60,100,12.2
1,100,10,0,0,27.0
1,100,10,0,5,25.1
1,100,10,0,10,24.0
1,100,10,0,40,21.7
1,100,10,0,70,20.3
1,100,10,0,100,19.1
1,100,10,30,0,25.7
1,100,10,30,5,23.8
1,100,10,30,10,22.7
1,100,10,30,40,20.5
1,100,10,30,70,19.1
1,100,10,30,100,18.0
1,100,10,60,0,21.0
1,100,10,60,5,19.0
1,100,10,60,10,18.0
1,100,10,60,40,16.1
1,100,10,60,70,14.9
1,100,10,60,100,14.0
1,100,20,0,0,31.1
1,100,20,0,5,28.7
1,100,20,0,10,27.2
1,100,20,0,40,24.1
1,100,20,0,70,22.4
1,100,20,0,100,20.9
1,100,20,30,0,29.3
1,100,20,30,5,26.9
1,100,20,30,10,25.5
1,100,20,30,40,22.6
1,100,20,30,70,20.9
1,100,20,30,100,19.6
1,100,20,60,0,23.1
1,100,20,60,5,20.8
1,100,20,60,10,19.7
1,100,20,60,40,17.3
1,100,20,60,70,16.0
1,100,20,60,100,14.9
1,100,50,0,0,33.6
1,100,50,0,5,30.9
1,100,50,0,10,29.2
1,100,50,0,40,25.6
1,100,50,0,70,23.7
1,100,50,0,100,22.0
1,100,50,30,0,31.5
1,100,50,30,5,28.8
1,100,50,30,10,27.2
1,100,50,30,40,23.9
1,100,50,30,70,22.0
1,100,50,30,100,20.5
1,100,50,60,0,24.5
1,100,50,60,5,21.9
1,100,50,60,10,20.6
1,100,50,60,40,18.1
1,100,50,60,70,16.6
1,100,50,60,100,15.5
1,500,1,0,0,16.4
1,500,1,0,5,15.7
1,500,1,0,10,15.4
1,500,1,0,40,14.7
1,500,1,0,70,14.2
1,500,1,0,100,13.7
1,500,1,30,0,16.1
1,500,1,30,5,15.4
1,500,1,30,10,15.0
1,500,1,30,40,14.2
1,500,1,30,70,13.7
1,500,1,30,100,13.2
1,500,1,60,0,14.6
1,500,1,60,5,13.6
1,500,1,60,10,13.2
1,500,1,60,40,12.3
1,500,1,60,70,11.7
1,500,1,60,100,11.2
1,500,5,0,0,31.2
1,500,5,0,5,28.9
1,500,5,0,10,27.4
1,500,5,0,40,24.3
1,500,5,0,70,22.6
1,500,5,0,100,21.1
1,500,5,30,0,29.4
1,500,5,30,5,27.1
1,500,5,30,10,25.7
1,500,5,30,40,22.8
1,500,5,30,70,21.1
1,500,5,30,100,19.7
1,500,5,60,0,23.3
1,500,5,60,5,21.0
1,500,5,60,10,19.8
1,500,5,60,40,17.5
1,500,5,60,70,16.1
1,500,5,60,100,15.0
1,500,10,0,0,33.4
1,500,10,0,5,30.7
1,500,10,0,10,29.1
1,500,10,0,40,25.6
1,500,10,0,70,23.6
1,500,10,0,100,21.9
1,500,10,30,0,31.3
1,500,10,30,5,28.6
1,500,10,30,10,27.1
1,500,10,30,40,23.9
1,500,10,30,70,21.9
1,500,10,30,100,20.4
1,500,10,60,0,24.4
1,500,10,60,5,21.8
1,500,10,60,10,20.6
1,500,10,60,40,18.0
1,500,10,60,70,16.6
1,500,10,60,100,15.4
1,500,20,0,0,34.4
1,500,20,0,5,31.6
1,500,20,0,10,29.8
1,500,20,0,40,26.1
1,500,20,0,70,24.1
1,500,20,0,100,22.4
1,500,20,30,0,32.2
1,500,20,30,5,29.4
1,500,20,30,10,27.7
1,500,20,30,40,24.4
1,500,20,30,70,22.4
1,500,20,30,100,20.8
1,500,20,60,0,24.9
1,500,20,60,5,22.2
1,500,20,60,10,20.9
1,500,20,60,40,18.3
1,500,20,60,70,16.8
1,500,20,60,100,15.7
1,500,50,0,0,35.0
1,500,50,0,5,32.1
1,500,50,0,10,30.3
1,500,50,0,40,26.4
1,500,50,0,70,24.3
1,500,50,0,100,22.6
1,500,50,30,0,32.7
1,500,50,30,5,29.8
1,500,50,30,10,28.1
1,500,50,30,40,24.6
1,500,50,30,70,22.6
1,500,50,30,100,21.0
1,500,50,60,0,25.1
1,500,50,60,5,22.4
1,500,50,60,10,21.1
1,500,50,60,40,18.5
1,500,50,60,70,17.0
1,500,50,60,100,15.8
1,1000,1,0,0,22.5
1,1000,1,0,5,21.3
1,1000,1,0,10,20.6
1,1000,1,0,40,19.1
1,1000,1,0,70,18.2
1,1000,1,0,100,17.3
1,1000,1,30,0,21.8
1,1000,1,30,5,20.5
1,1000,1,30,10,19.8
1,1000,1,30,40,18.3
1,1000,1,30,70,17.3
1,1000,1,30,100,16.5
1,1000,1,60,0,18.7
1,1000,1,60,5,17.2
1,1000,1,60,10,16.5
1,1000,1,60,40,15.0
1,1000,1,60,70,14.0
1,1000,1,60,100,13.3
1,1000,5,0,0,33.2
1,1000,5,0,5,30.6
1,1000,5,0,10,28.9
1,1000,5,0,40,25.5
1,1000,5,0,70,23.5
1,1000,5,0,100,21.9
1,1000,5,30,0,31.2
1,1000,5,30,5,28.5
1,1000,5,30,10,27.0
1,1000,5,30,40,23.8
1,1000,5,30,70,21.9
1,1000,5,30,100,20.4
1,1000,5,60,0,24.3
1,1000,5,60,5,21.7
1,1000,5,60,10,20.5
1,1000,5,60,40,18.0
1,1000,5,60,70,16.6
1,1000,5,60,100,15.4
1,1000,10,0,0,34.4
1,1000,10,0,5,31.5
1,1000,10,0,10,29.8
1,1000,10,0,40,26.1
1,1000,10,0,70,24.1
1,1000,10,0,100,22.3
1,1000,10,30,0,32.1
1,1000,10,30,5,29.3
1,1000,10,30,10,27.7
1,1000,10,30,40,24.3
1,1000,10,30,70,22.4
1,1000,10,30,100,20.7
1,1000,10,60,0,24.8
1,1000,10,60,5,22.2
1,1000,10,60,10,20.9
1,1000,10,60,40,18.3
1,1000,10,60,70,16.8
1,1000,10,60,100,15.7
1,1000,20,0,0,34.9
1,1000,20,0,5,32.0
1,1000,20,0,10,30.2
1,1000,20,0,40,26.4
1,1000,20,0,70,24.3
1,1000,20,0,100,22.5
1,1000,20,30,0,32.6
1,1000,20,30,5,29.7
1,1000,20,30,10,28.0
1,1000,20,30,40,24.6
1,1000,20,30,70,22.6
1,1000,20,30,100,20.9
1,1000,20,60,0,25.1
1,1000,20,60,5,22.4
1,1000,20,60,10,21.1
1,1000,20,60,40,18.4
1,1000,20,60,70,16.9
1,1000,20,60,100,15.8
1,1000,50,0,0,35.1
1,1000,50,0,5,32.2
1,1000,50,0,10,30.4
1,1000,50,0,40,26.5
1,1000,50,0,70,24.4
1,1000,50,0,100,22.7
1,1000,50,30,0,32.8
1,1000,50,30,5,29.9
1,1000,50,30,10,28.2
1,1000,50,30,40,24.7
1,1000,50,30,70,22.7
1,1000,50,30,100,21.0
1,1000,50,60,0,25.2
1,1000,50,60,5,22.5
1,1000,50,60,10,21.2
1,1000,50,60,40,18.5
1,1000,50,60,70,17.0
1,1000,50,60,100,15.8
1,3000,1,0,0,30.1
1,3000,1,0,5,27.9
1,3000,1,0,10,26.6
1,3000,1,0,40,23.8
1,3000,1,0,70,22.2
1,3000,1,0,100,20.8
1,3000,1,30,0,28.5
1,3000,1,30,5,26.3
1,3000,1,30,10,25.1
1,3000,1,30,40,22.4
1,3000,1,30,70,20.8
1,3000,1,30,100,19.5
1,3000,1,60,0,22.9
1,3000,1,60,5,20.6
1,3000,1,60,10,19.6
1,3000,1,60,40,17.3
1,3000,1,60,70,16.0
1,3000,1,60,100,15.0
1,3000,5,0,0,34.6
1,3000,5,0,5,31.8
1,3000,5,0,10,30.0
1,3000,5,0,40,26.2
1,3000,5,0,70,24.2
1,3000,5,0,100,22.5
1,3000,5,30,0,32.4
1,3000,5,30,5,29.5
1,3000,5,30,10,27.9
1,3000,5,30,40,24.5
1,3000,5,30,70,22.5
1,3000,5,30,100,20.8
1,3000,5,60,0,25.0
1,3000,5,60,5,22.3
1,3000,5,60,10,21.0
1,3000,5,60,40,18.4
1,3000,5,60,70,16.9
1,3000,5,60,100,15.7
1,3000,10,0,0,35.0
1,3000,10,0,5,32.1
1,3000,10,0,10,30.3
1,3000,10,0,40,26.4
1,3000,10,0,70,24.4
1,3000,10,0,100,22.6
1,3000,10,30,0,32.7
1,3000,10,30,5,29.8
1,3000,10,30,10,28.1
1,3000,10,30,40,24.6
1,3000,10,30,70,22.6
1,3000,10,30,100,21.0
1,3000,10,60,0,25.2
1,3000,10,60,5,22.5
1,3000,10,60,10,21.2
1,3000,10,60,40,18.5
1,3000,10,60,70,17.0
1,3000,10,60,100,15.8
1,3000,20,0,0,35.1
1,3000,20,0,5,32.2
1,3000,20,0,10,30.4
1,3000,20,0,40,26.5
1,3000,20,0,70,24.4
1,3000,20,0,100,22.7
1,3000,20,30,0,32.8
1,3000,20,30,5,29.9
1,3000,20,30,10,28.2
1,3000,20,30,40,24.7
1,3000,20,30,70,22.7
1,3000,20,30,100,21.0
1,3000,20,60,0,25.2
1,3000,20,60,5,22.5
1,3000,20,60,10,21.2
1,3000,20,60,40,18.5
1,3000,20,60,70,17.0
1,3000,20,60,100,15.8
1,3000,50,0,0,35.2
1,3000,50,0,5,32.3
1,3000,50,0,10,30.5
1,3000,50,0,40,26.6
1,3000,50,0,70,24.5
1,3000,50,0,100,22.7
1,3000,50,30,0,32.9
1,3000,50,30,5,30.0
1,3000,50,30,10,28.3
1,3000,50,30,40,24.8
1,3000,50,30,70,22.7
1,3000,50,30,100,21.1
1,3000,50,60,0,25.3
1,3000,50,60,5,22.6
1,3000,50,60,10,21.3
1,3000,50,60,40,18.5
1,3000,50,60,70,17.0
1,3000,50,60,100,15.9
0.9,10,1,0,0,0.0
0.9,10,1,0,5,0.0
0.9,10,1,0,10,0.0
0.9,10,1,0,40,0.0
0.9,10,1,0,70,0.0
0.9,10,1,0,100,0.0
0.9,10,1,30,0,0.0
0.9,10,1,30,5,0.0
0.9,10,1,30,10,0.0
0.9,10,1,30,40,0.0
0.9,10,1,30,70,0.0
0.9,10,1,30,100,0.0
0.9,10,1,60,0,0.0
0.9,10,1,60,5,0.0
0.9,10,1,60,10,0.0
0.9,10,1,60,40,0.0
0.9,10,1,60,70,0.0
0.9,10,1,60,100,0.0
0.9,10,5,0,0,2.9
0.9,10,5,0,5,0.0
0.9,10,5,0,10,0.0
0.9,10,5,0,40,0.0
0.9,10,5,0,70,0.0
0.9,10,5,0,100,0.0
0.9,10,5,30,0,2.9
0.9,10,5,30,5,0.0
0.9,10,5,30,10,0.0
0.9,10,5,30,40,0.0
0.9,10,5,30,70,0.0
0.9,10,5,30,100,0.0
0.9,10,5,60,0,2.9
0.9,10,5,60,5,0.0
0.9,10,5,60,10,0.0
0.9,10,5,60,40,0.0
0.9,10,5,60,70,0.0
0.9,10,5,60,100,0.0
0.9,10,10,0,0,5.7
0.9,10,10,0,5,5.1
0.9,10,10,0,10,5.0
0.9,10,10,0,40,5.0
0.9,10,10,0,70,4.9
0.9,10,10,0,100,4.9
0.9,10,10,30,0,5.7
0.9,10,10,30,5,5.0
0.9,10,10,30,10,5.0
0.9,10,10,30,40,4.9
0.9,10,10,30,70,4.9
0.9,10,10,30,100,4.8
0.9,10,10,60,0,5.6
0.9,10,10,60,5,4.8
0.9,10,10,60,10,4.7
0.9,10,10,60,40,4.6
0.9,10,10,60,70,4.5
0.9,10,10,60,100,4.5
0.9,10,20,0,0,10.5
0.9,10,20,0,5,9.9
0.9,10,20,0,10,9.7
0.9,10,20,0,40,9.3
0.9,10,20,0,70,9.0
0.9,10,20,0,100,8.8
0.9,10,20,30,0,10.4
0.9,10,20,30,5,9.6
0.9,10,20,30,10,9.4
0.9,10,20,30,40,9.0
0.9,10,20,30,70,8.8
0.9,10,20,30,100,8.5
0.9,10,20,60,0,9.7
0.9,10,20,60,5,8.7
0.9,10,20,60,10,8.4
0.9,10,20,60,40,8.0
0.9,10,20,60,70,7.7
0.9,10,20,60,100,7.5
0.9,10,50,0,0,18.9
0.9,10,50,0,5,17.6
0.9,10,50,0,10,17.0
0.9,10,50,0,40,15.7
0.9,10,50,0,70,14.9
0.9,10,50,0,100,14.2
0.9,10,50,30,0,18.2
0.9,10,50,30,5,16.9
0.9,10,50,30,10,16.3
0.9,10,50,30,40,14.9
0.9,10,50,30,70,14.1
0.9,10,50,30,100,13.4
0.9,10,50,60,0,15.5
0.9,10,50,60,5,14.0
0.9,10,50,60,10,13.4
0.9,10,50,60,40,12.1
0.9,10,50,60,70,11.3
0.9,10,50,60,100,10.7
0.9,50,1,0,0,2.6
0.9,50,1,0,5,0.0
0.9,50,1,0,10,0.0
0.9,50,1,0,40,0.0
0.9,50,1,0,70,0.0
0.9,50,1,0,100,0.0
0.9,50,1,30,0,2.6
0.9,50,1,30,5,0.0
0.9,50,1,30,10,0.0
0.9,50,1,30,40,0.0
0.9,50,1,30,70,0.0
0.9,50,1,30,100,0.0
0.9,50,1,60,0,2.5
0.9,50,1,60,5,0.0
0.9,50,1,60,10,0.0
0.9,50,1,60,40,0.0
0.9,50,1,60,70,0.0
0.9,50,1,60,100,0.0
0.9,50,5,0,0,11.4
0.9,50,5,0,5,10.8
0.9,50,5,0,10,10.5
0.9,50,5,0,40,10.1
0.9,50,5,0,70,9.8
0.9,50,5,0,100,9.6
0.9,50,5,30,0,11.2
0.9,50,5,30,5,10.5
0.9,50,5,30,10,10.3
0.9,50,5,30,40,9.8
0.9,50,5,30,70,9.5
0.9,50,5,30,100,9.2
0.9,50,5,60,0,10.4
0.9,50,5,60,5,9.4
0.9,50,5,60,10,9.1
0.9,50,5,60,40,8.6
0.9,50,5,60,70,8.3
0.9,50,5,60,100,8.0
0.9,50,10,0,0,18.0
0.9,50,10,0,5,16.9
0.9,50,10,0,10,16.3
0.9,50,10,0,40,15.2
0.9,50,10,0,70,14.4
0.9,50,10,0,100,13.8
0.9,50,10,30,0,17.4
0.9,50,10,30,5,16.3
0.9,50,10,30,10,15.7
0.9,50,10,30,40,14.5
0.9,50,10,30,70,13.7
0.9,50,10,30,100,13.1
0.9,50,10,60,0,15.0
0.9,50,10,60,5,13.6
0.9,50,10,60,10,13.0
0.9,50,10,60,40,11.8
0.9,50,10,60,70,11.1
0.9,50,10,60,100,10.5
0.9,50,20,0,0,23.7
0.9,50,20,0,5,21.9
0.9,50,20,0,10,20.9
0.9,50,20,0,40,18.9
0.9,50,20,0,70,17.7
0.9,50,20,0,100,16.7
0.9,50,20,30,0,22.5
0.9,50,20,30,5,20.7
0.9,50,20,30,10,19.8
0.9,50,20,30,40,17.8
0.9,50,20,30,70,16.6
0.9,50,20,30,100,15.7
0.9,50,20,60,0,18.4
0.9,50,20,60,5,16.5
0.9,50,20,60,10,15.6
0.9,50,20,60,40,13.9
0.9,50,20,60,70,12.9
0.9,50,20,60,100,12.1
0.9,50,50,0,0,28.0
0.9,50,50,0,5,25.7
0.9,50,50,0,10,24.3
0.9,50,50,0,40,21.4
0.9,50,50,0,70,19.8
0.9,50,50,0,100,18.5
0.9,50,50,30,0,26.3
0.9,50,50,30,5,24.0
0.9,50,50,30,10,22.7
0.9,50,50,30,40,20.0
0.9,50,50,30,70,18.5
0.9,50,50,30,100,17.3
0.9,50,50,60,0,20.7
0.9,50,50,60,5,18.4
0.9,50,50,60,10,17.4
0.9,50,50,60,40,15.2
0.9,50,50,60,70,13.9
0.9,50,50,60,100,12.9
0.9,100,1,0,0,4.6
0.9,100,1,0,5,4.0
0.9,100,1,0,10,4.0
0.9,100,1,0,40,3.9
0.9,100,1,0,70,3.9
0.9,100,1,0,100,3.9
0.9,100,1,30,0,4.6
0.9,100,1,30,5,3.9
0.9,100,1,30,10,3.9
0.9,100,1,30,40,3.9
0.9,100,1,30,70,3.8
0.9,100,1,30,100,3.8
0.9,100,1,60,0,4.5
0.9,100,1,60,5,3.8
0.9,100,1,60,10,3.8
0.9,100,1,60,40,3.7
0.9,100,1,60,70,3.6
0.9,100,1,60,100,3.6
0.9,100,5,0,0,17.2
0.9,100,5,0,5,16.2
0.9,100,5,0,10,15.7
0.9,100,5,0,40,14.7
0.9,100,5,0,70,14.0
0.9,100,5,0,100,13.4
0.9,100,5,30,0,16.7
0.9,100,5,30,5,15.7
0.9,100,5,30,10,15.1
0.9,100,5,30,40,14.1
0.9,100,5,30,70,13.4
0.9,100,5,30,100,12.8
0.9,100,5,60,0,14.6
0.9,100,5,60,5,13.3
0.9,100,5,60,10,12.7
0.9,100,5,60,40,11.6
0.9,100,5,60,70,10.9
0.9,100,5,60,100,10.4
0.9,100,10,0,0,23.3
0.9,100,10,0,5,21.6
0.9,100,10,0,10,20.6
0.9,100,10,0,40,18.7
0.9,100,10,0,70,17.5
0.9,100,10,0,100,16.5
0.9,100,10,30,0,22.2
0.9,100,10,30,5,20.5
0.9,100,10,30,10,19.5
0.9,100,10,30,40,17.6
0.9,100,10,30,70,16.5
0.9,100,10,30,100,15.5
0.9,100,10,60,0,18.2
0.9,100,10,60,5,16.4
0.9,100,10,60,10,15.5
0.9,100,10,60,40,13.8
0.9,100,10,60,70,12.8
0.9,100,10,60,100,12.1
0.9,100,20,0,0,27.1
0.9,100,20,0,5,24.9
0.9,100,20,0,10,23.6
0.9,100,20,0,40,21.0
0.9,100,20,0,70,19.4
0.9,100,20,0,100,18.2
0.9,100,20,30,0,25.5
0.9,100,20,30,5,23.4
0.9,100,20,30,10,22.1
0.9,100,20,30,40,19.6
0.9,100,20,30,70,18.2
0.9,100,20,30,100,17.0
0.9,100,20,60,0,20.2
0.9,100,20,60,5,18.1
0.9,100,20,60,10,17.1
0.9,100,20,60,40,15.0
0.9,100,20,60,70,13.8
0.9,100,20,60,100,12.9
0.9,100,50,0,0,29.5
0.9,100,50,0,5,27.0
0.9,100,50,0,10,25.5
0.9,100,50,0,40,22.4
0.9,100,50,0,70,20.6
0.9,100,50,0,100,19.2
0.9,100,50,30,0,27.6
0.9,100,50,30,5,25.2
0.9,100,50,30,10,23.8
0.9,100,50,30,40,20.8
0.9,100,50,30,70,19.2
0.9,100,50,30,100,17.9
0.9,100,50,60,0,21.5
0.9,100,50,60,5,19.1
0.9,100,50,60,10,18.0
0.9,100,50,60,40,15.8
0.9,100,50,60,70,14.3
0.9,100,50,60,100,13.3
0.9,500,1,0,0,14.0
0.9,500,1,0,5,13.4
0.9,500,1,0,10,13.1
0.9,500,1,0,40,12.5
0.9,500,1,0,70,12.1
0.9,500,1,0,100,11.7
0.9,500,1,30,0,13.8
0.9,500,1,30,5,13.1
0.9,500,1,30,10,12.8
0.9,500,1,30,40,12.1
0.9,500,1,30,70,11.7
0.9,500,1,30,100,11.3
0.9,500,1,60,0,12.6
0.9,500,1,60,5,11.6
0.9,500,1,60,10,11.2
0.9,500,1,60,40,10.4
0.9,500,1,60,70,9.9
0.9,500,1,60,100,9.5
0.9,500,5,0,0,27.3
0.9,500,5,0,5,25.1
0.9,500,5,0,10,23.8
0.9,500,5,0,40,21.2
0.9,500,5,0,70,19.7
0.9,500,5,0,100,18.4
0.9,500,5,30,0,25.8
0.9,500,5,30,5,23.6
0.9,500,5,30,10,22.3
0.9,500,5,30,40,19.9
0.9,500,5,30,70,18.4
0.9,500,5,30,100,17.2
0.9,500,5,60,0,20.4
0.9,500,5,60,5,18.2
0.9,500,5,60,10,17.2
0.9,500,5,60,40,15.2
0.9,500,5,60,70,14.0
0.9,500,5,60,100,13.0
0.9,500,10,0,0,29.4
0.9,500,10,0,5,26.8
0.9,500,10,0,10,25.4
0.9,500,10,0,40,22.3
0.9,500,10,0,70,20.6
0.9,500,10,0,100,19.2
0.9,500,10,30,0,27.5
0.9,500,10,30,5,25.1
0.9,500,10,30,10,23.7
0.9,500,10,30,40,20.8
0.9,500,10,30,70,19.1
0.9,500,10,30,100,17.9
0.9,500,10,60,0,21.4
0.9,500,10,60,5,19.0
0.9,500,10,60,10,17.9
0.9,500,10,60,40,15.7
0.9,500,10,60,70,14.3
0.9,500,10,60,100,13.3
0.9,500,20,0,0,30.3
0.9,500,20,0,5,27.6
0.9,500,20,0,10,26.1
0.9,500,20,0,40,22.9
0.9,500,20,0,70,21.0
0.9,500,20,0,100,19.5
0.9,500,20,30,0,28.3
0.9,500,20,30,5,25.7
0.9,500,20,30,10,24.3
0.9,500,20,30,40,21.3
0.9,500,20,30,70,19.5
0.9,500,20,30,100,18.2
0.9,500,20,60,0,21.9
0.9,500,20,60,5,19.4
0.9,500,20,60,10,18.3
0.9,500,20,60,40,16.0
0.9,500,20,60,70,14.6
0.9,500,20,60,100,13.5
0.9,500,50,0,0,30.8
0.9,500,50,0,5,28.1
0.9,500,50,0,10,26.5
0.9,500,50,0,40,23.2
0.9,500,50,0,70,21.3
0.9,500,50,0,100,19.8
0.9,500,50,30,0,28.8
0.9,500,50,30,5,26.1
0.9,500,50,30,10,24.6
0.9,500,50,30,40,21.5
0.9,500,50,30,70,19.8
0.9,500,50,30,100,18.4
0.9,500,50,60,0,22.2
0.9,500,50,60,5,19.6
0.9,500,50,60,10,18.4
0.9,500,50,60,40,16.2
0.9,500,50,60,70,14.7
0.9,500,50,60,100,13.6
0.9,1000,1,0,0,19.5
0.9,1000,1,0,5,18.4
0.9,1000,1,0,10,17.8
0.9,1000,1,0,40,16.5
0.9,1000,1,0,70,15.7
0.9,1000,1,0,100,15.0
0.9,1000,1,30,0,18.9
0.9,1000,1,30,5,17.7
0.9,1000,1,30,10,17.1
0.9,1000,1,30,40,15.8
0.9,1000,1,30,70,14.9
0.9,1000,1,30,100,14.2
0.9,1000,1,60,0,16.3
0.9,1000,1,60,5,14.8
0.9,1000,1,60,10,14.2
0.9,1000,1,60,40,12.9
0.9,1000,1,60,70,12.1
0.9,1000,1,60,100,11.4
0.9,1000,5,0,0,29.2
0.9,1000,5,0,5,26.7
0.9,1000,5,0,10,25.3
0.9,1000,5,0,40,22.2
0.9,1000,5,0,70,20.5
0.9,1000,5,0,100,19.1
0.9,1000,5,30,0,27.4
0.9,1000,5,30,5,24.9
0.9,1000,5,30,10,23.6
0.9,1000,5,30,40,20.7
0.9,1000,5,30,70,19.1
0.9,1000,5,30,100,17.8
0.9,1000,5,60,0,21.3
0.9,1000,5,60,5,19.0
0.9,1000,5,60,10,17.9
0.9,1000,5,60,40,15.7
0.9,1000,5,60,70,14.3
0.9,1000,5,60,100,13.2
0.9,1000,10,0,0,30.3
0.9,1000,10,0,5,27.6
0.9,1000,10,0,10,26.1
0.9,1000,10,0,40,22.8
0.9,1000,10,0,70,21.0
0.9,1000,10,0,100,19.5
0.9,1000,10,30,0,28.3
0.9,1000,10,30,5,25.7
0.9,1000,10,30,10,24.3
0.9,1000,10,30,40,21.2
0.9,1000,10,30,70,19.5
0.9,1000,10,30,100,18.2
0.9,1000,10,60,0,21.9
0.9,1000,10,60,5,19.4
0.9,1000,10,60,10,18.2
0.9,1000,10,60,40,16.0
0.9,1000,10,60,70,14.6
0.9,1000,10,60,100,13.5
0.9,1000,20,0,0,30.7
0.9,1000,20,0,5,28.0
0.9,1000,20,0,10,26.4
0.9,1000,20,0,40,23.1
0.9,1000,20,0,70,21.2
0.9,1000,20,0,100,19.7
0.9,1000,20,30,0,28.7
0.9,1000,20,30,5,26.0
0.9,1000,20,30,10,24.6
0.9,1000,20,30,40,21.5
0.9,1000,20,30,70,19.7
0.9,1000,20,30,100,18.3
0.9,1000,20,60,0,22.1
0.9,1000,20,60,5,19.6
0.9,1000,20,60,10,18.4
0.9,1000,20,60,40,16.1
0.9,1000,20,60,70,14.7
0.9,1000,20,60,100,13.6
0.9,1000,50,0,0,31.0
0.9,1000,50,0,5,28.2
0.9,1000,50,0,10,26.6
0.9,1000,50,0,40,23.3
0.9,1000,50,0,70,21.4
0.9,1000,50,0,100,19.8
0.9,1000,50,30,0,28.9
0.9,1000,50,30,5,26.2
0.9,1000,50,30,10,24.8
0.9,1000,50,30,40,21.6
0.9,1000,50,30,70,19.8
0.9,1000,50,30,100,18.4
0.9,1000,50,60,0,22.2
0.9,1000,50,60,5,19.7
0.9,1000,50,60,10,18.5
0.9,1000,50,60,40,16.2
0.9,1000,50,60,70,14.8
0.9,1000,50,60,100,13.6
0.9,3000,1,0,0,26.3
0.9,3000,1,0,5,24.4
0.9,3000,1,0,10,23.2
0.9,3000,1,0,40,20.8
0.9,3000,1,0,70,19.3
0.9,3000,1,0,100,18.1
0.9,3000,1,30,0,25.0
0.9,3000,1,30,5,23.0
0.9,3000,1,30,10,21.8
0.9,3000,1,30,40,19.5
0.9,3000,1,30,70,18.1
0.9,3000,1,30,100,17.0
0.9,3000,1,60,0,20.1
0.9,3000,1,60,5,18.0
0.9,3000,1,60,10,17.0
0.9,3000,1,60,40,15.0
0.9,3000,1,60,70,13.9
0.9,3000,1,60,100,13.0
0.9,3000,5,0,0,30.5
0.9,3000,5,0,5,27.8
0.9,3000,5,0,10,26.2
0.9,3000,5,0,40,23.0
0.9,3000,5,0,70,21.1
0.9,3000,5,0,100,19.6
0.9,3000,5,30,0,28.5
0.9,3000,5,30,5,25.9
0.9,3000,5,30,10,24.4
0.9,3000,5,30,40,21.4
0.9,3000,5,30,70,19.6
0.9,3000,5,30,100,18.3
0.9,3000,5,60,0,22.0
0.9,3000,5,60,5,19.5
0.9,3000,5,60,10,18.3
0.9,3000,5,60,40,16.1
0.9,3000,5,60,70,14.6
0.9,3000,5,60,100,13.5
0.9,3000,10,0,0,30.9
0.9,3000,10,0,5,28.1
0.9,3000,10,0,10,26.5
0.9,3000,10,0,40,23.2
0.9,3000,10,0,70,21.3
0.9,3000,10,0,100,19.8
0.9,3000,10,30,0,28.8
0.9,3000,10,30,5,26.1
0.9,3000,10,30,10,24.7
0.9,3000,10,30,40,21.5
0.9,3000,10,30,70,19.8
0.9,3000,10,30,100,18.4
0.9,3000,10,60,0,22.2
0.9,3000,10,60,5,19.6
0.9,3000,10,60,10,18.5
0.9,3000,10,60,40,16.2
0.9,3000,10,60,70,14.7
0.9,3000,10,60,100,13.6
0.9,3000,20,0,0,31.0
0.9,3000,20,0,5,28.3
0.9,3000,20,0,10,26.6
0.9,3000,20,0,40,23.3
0.9,3000,20,0,70,21.4
0.9,3000,20,0,100,19.8
0.9,3000,20,30,0,28.9
0.9,3000,20,30,5,26.3
0.9,3000,20,30,10,24.8
0.9,3000,20,30,40,21.6
0.9,3000,20,30,70,19.8
0.9,3000,20,30,100,18.4
0.9,3000,20,60,0,22.2
0.9,3000,20,60,5,19.7
0.9,3000,20,60,10,18.5
0.9,3000,20,60,40,16.2
0.9,3000,20,60,70,14.8
0.9,3000,20,60,100,13.6
0.9,3000,50,0,0,31.1
0.9,3000,50,0,5,28.3
0.9,3000,50,0,10,26.7
0.9,3000,50,0,40,23.3
0.9,3000,50,0,70,21.4
0.9,3000,50,0,100,19.9
0.9,3000,50,30,0,29.0
0.9,3000,50,30,5,26.3
0.9,3000,50,30,10,24.8
0.9,3000,50,30,40,21.7
0.9,3000,50,30,70,19.9
0.9,3000,50,30,100,18.5
0.9,3000,50,60,0,22.3
0.9,3000,50,60,5,19.7
0.9,3000,50,60,10,18.6
0.9,3000,50,60,40,16.2
0.9,3000,50,60,70,14.8
0.9,3000,50,60,100,13.6
0.8,10,1,0,0,0.0
0.8,10,1,0,5,0.0
0.8,10,1,0,10,0.0
0.8,10,1,0,40,0.0
0.8,10,1,0,70,0.0
0.8,10,1,0,100,0.0
0.8,10,1,30,0,0.0
0.8,10,1,30,5,0.0
0.8,10,1,30,10,0.0
0.8,10,1,30,40,0.0
0.8,10,1,30,70,0.0
0.8,10,1,30,100,0.0
0.8,10,1,60,0,0.0
0.8,10,1,60,5,0.0
0.8,10,1,60,10,0.0
0.8,10,1,60,40,0.0
0.8,10,1,60,70,0.0
0.8,10,1,60,100,0.0
0.8,10,5,0,0,2.3
0.8,10,5,0,5,0.0
0.8,10,5,0,10,0.0
0.8,10,5,0,40,0.0
0.8,10,5,0,70,0.0
0.8,10,5,0,100,0.0
0.8,10,5,30,0,2.3
0.8,10,5,30,5,0.0
0.8,10,5,30,10,0.0
0.8,10,5,30,40,0.0
0.8,10,5,30,70,0.0
0.8,10,5,30,100,0.0
0.8,10,5,60,0,2.2
0.8,10,5,60,5,0.0
0.8,10,5,60,10,0.0
0.8,10,5,60,40,0.0
0.8,10,5,60,70,0.0
0.8,10,5,60,100,0.0
0.8,10,10,0,0,4.4
0.8,10,10,0,5,3.1
0.8,10,10,0,10,3.1
0.8,10,10,0,40,3.0
0.8,10,10,0,70,3.0
0.8,10,10,0,100,2.9
0.8,10,10,30,0,4.4
0.8,10,10,30,5,3.0
0.8,10,10,30,10,3.0
0.8,10,10,30,40,2.9
0.8,10,10,30,70,2.9
0.8,10,10,30,100,2.8
0.8,10,10,60,0,4.3
0.8,10,10,60,5,2.7
0.8,10,10,60,10,2.5
0.8,10,10,60,40,0.0
0.8,10,10,60,70,0.0
0.8,10,10,60,100,0.0
0.8,10,20,0,0,8.3
0.8,10,20,0,5,7.3
0.8,10,20,0,10,7.2
0.8,10,20,0,40,6.9
0.8,10,20,0,70,6.8
0.8,10,20,0,100,6.6
0.8,10,20,30,0,8.2
0.8,10,20,30,5,7.1
0.8,10,20,30,10,7.0
0.8,10,20,30,40,6.8
0.8,10,20,30,70,6.6
0.8,10,20,30,100,6.5
0.8,10,20,60,0,7.7
0.8,10,20,60,5,6.5
0.8,10,20,60,10,6.4
0.8,10,20,60,40,6.1
0.8,10,20,60,70,5.9
0.8,10,20,60,100,5.7
0.8,10,50,0,0,15.4
0.8,10,50,0,5,14.3
0.8,10,50,0,10,13.8
0.8,10,50,0,40,12.7
0.8,10,50,0,70,12.1
0.8,10,50,0,100,11.5
0.8,10,50,30,0,14.9
0.8,10,50,30,5,13.7
0.8,10,50,30,10,13.2
0.8,10,50,30,40,12.1
0.8,10,50,30,70,11.4
0.8,10,50,30,100,10.9
0.8,10,50,60,0,12.8
0.8,10,50,60,5,11.3
0.8,10,50,60,10,10.8
0.8,10,50,60,40,9.7
0.8,10,50,60,70,9.2
0.8,10,50,60,100,8.7
0.8,50,1,0,0,2.0
0.8,50,1,0,5,0.0
0.8,50,1,0,10,0.0
0.8,50,1,0,40,0.0
0.8,50,1,0,70,0.0
0.8,50,1,0,100,0.0
0.8,50,1,30,0,2.0
0.8,50,1,30,5,0.0
0.8,50,1,30,10,0.0
0.8,50,1,30,40,0.0
0.8,50,1,30,70,0.0
0.8,50,1,30,100,0.0
0.8,50,1,60,0,2.0
0.8,50,1,60,5,0.0
0.8,50,1,60,10,0.0
0.8,50,1,60,40,0.0
0.8,50,1,60,70,0.0
0.8,50,1,60,100,0.0
0.8,50,5,0,0,9.1
0.8,50,5,0,5,8.2
0.8,50,5,0,10,8.0
0.8,50,5,0,40,7.7
0.8,50,5,0,70,7.5
0.8,50,5,0,100,7.4
0.8,50,5,30,0,9.0
0.8,50,5,30,5,8.0
0.8,50,5,30,10,7.9
0.8,50,5,30,40,7.5
0.8,50,5,30,70,7.3
0.8,50,5,30,100,7.2
0.8,50,5,60,0,8.4
0.8,50,5,60,5,7.3
0.8,50,5,60,10,7.1
0.8,50,5,60,40,6.7
0.8,50,5,60,70,6.5
0.8,50,5,60,100,6.2
0.8,50,10,0,0,14.7
0.8,50,10,0,5,13.7
0.8,50,10,0,10,13.2
0.8,50,10,0,40,12.3
0.8,50,10,0,70,11.7
0.8,50,10,0,100,11.2
0.8,50,10,30,0,14.3
0.8,50,10,30,5,13.2
0.8,50,10,30,10,12.7
0.8,50,10,30,40,11.7
0.8,50,10,30,70,11.1
0.8,50,10,30,100,10.6
0.8,50,10,60,0,12.4
0.8,50,10,60,5,11.0
0.8,50,10,60,10,10.5
0.8,50,10,60,40,9.5
0.8,50,10,60,70,9.0
0.8,50,10,60,100,8.5
0.8,50,20,0,0,19.9
0.8,50,20,0,5,18.2
0.8,50,20,0,10,17.4
0.8,50,20,0,40,15.7
0.8,50,20,0,70,14.7
0.8,50,20,0,100,13.9
0.8,50,20,30,0,18.9
0.8,50,20,30,5,17.3
0.8,50,20,30,10,16.5
0.8,50,20,30,40,14.8
0.8,50,20,30,70,13.8
0.8,50,20,30,100,13.1
0.8,50,20,60,0,15.5
0.8,50,20,60,5,13.7
0.8,50,20,60,10,13.0
0.8,50,20,60,40,11.5
0.8,50,20,60,70,10.7
0.8,50,20,60,100,10.0
0.8,50,50,0,0,23.9
0.8,50,50,0,5,21.7
0.8,50,50,0,10,20.5
0.8,50,50,0,40,18.2
0.8,50,50,0,70,16.8
0.8,50,50,0,100,15.7
0.8,50,50,30,0,22.5
0.8,50,50,30,5,20.4
0.8,50,50,30,10,19.2
0.8,50,50,30,40,16.9
0.8,50,50,30,70,15.6
0.8,50,50,30,100,14.6
0.8,50,50,60,0,17.7
0.8,50,50,60,5,15.5
0.8,50,50,60,10,14.6
0.8,50,50,60,40,12.8
0.8,50,50,60,70,11.7
0.8,50,50,60,100,10.8
0.8,100,1,0,0,3.6
0.8,100,1,0,5,0.0
0.8,100,1,0,10,0.0
0.8,100,1,0,40,0.0
0.8,100,1,0,70,0.0
0.8,100,1,0,100,0.0
0.8,100,1,30,0,3.6
0.8,100,1,30,5,0.0
0.8,100,1,30,10,0.0
0.8,100,1,30,40,0.0
0.8,100,1,30,70,0.0
0.8,100,1,30,100,0.0
0.8,100,1,60,0,3.6
0.8,100,1,60,5,0.0
0.8,100,1,60,10,0.0
0.8,100,1,60,40,0.0
0.8,100,1,60,70,0.0
0.8,100,1,60,100,0.0
0.8,100,5,0,0,14.1
0.8,100,5,0,5,13.2
0.8,100,5,0,10,12.8
0.8,100,5,0,40,11.9
0.8,100,5,0,70,11.4
0.8,100,5,0,100,10.9
0.8,100,5,30,0,13.7
0.8,100,5,30,5,12.7
0.8,100,5,30,10,12.3
0.8,100,5,30,40,11.4
0.8,100,5,30,70,10.8
0.8,100,5,30,100,10.4
0.8,100,5,60,0,12.1
0.8,100,5,60,5,10.7
0.8,100,5,60,10,10.2
0.8,100,5,60,40,9.4
0.8,100,5,60,70,8.8
0.8,100,5,60,100,8.4
0.8,100,10,0,0,19.5
0.8,100,10,0,5,17.9
0.8,100,10,0,10,17.2
0.8,100,10,0,40,15.5
0.8,100,10,0,70,14.6
0.8,100,10,0,100,13.8
0.8,100,10,30,0,18.6
0.8,100,10,30,5,17.0
0.8,100,10,30,10,16.3
0.8,100,10,30,40,14.7
0.8,100,10,30,70,13.7
0.8,100,10,30,100,12.9
0.8,100,10,60,0,15.4
0.8,100,10,60,5,13.6
0.8,100,10,60,10,12.8
0.8,100,10,60,40,11.4
0.8,100,10,60,70,10.6
0.8,100,10,60,100,10.0
0.8,100,20,0,0,23.1
0.8,100,20,0,5,21.0
0.8,100,20,0,10,19.9
0.8,100,20,0,40,17.7
0.8,100,20,0,70,16.4
0.8,100,20,0,100,15.4
0.8,100,20,30,0,21.7
0.8,100,20,30,5,19.7
0.8,100,20,30,10,18.7
0.8,100,20,30,40,16.5
0.8,100,20,30,70,15.3
0.8,100,20,30,100,14.4
0.8,100,20,60,0,17.3
0.8,100,20,60,5,15.2
0.8,100,20,60,10,14.3
0.8,100,20,60,40,12.5
0.8,100,20,60,70,11.5
0.8,100,20,60,100,10.8
0.8,100,50,0,0,25.4
0.8,100,50,0,5,23.0
0.8,100,50,0,10,21.6
0.8,100,50,0,40,19.0
0.8,100,50,0,70,17.6
0.8,100,50,0,100,16.4
0.8,100,50,30,0,23.8
0.8,100,50,30,5,21.4
0.8,100,50,30,10,20.2
0.8,100,50,30,40,17.7
0.8,100,50,30,70,16.4
0.8,100,50,30,100,15.2
0.8,100,50,60,0,18.4
0.8,100,50,60,5,16.3
0.8,100,50,60,10,15.1
0.8,100,50,60,40,13.0
0.8,100,50,60,70,11.9
0.8,100,50,60,100,11.1
0.8,500,1,0,0,11.7
0.8,500,1,0,5,10.9
0.8,500,1,0,10,10.7
0.8,500,1,0,40,10.2
0.8,500,1,0,70,9.8
0.8,500,1,0,100,9.5
0.8,500,1,30,0,11.4
0.8,500,1,30,5,10.7
0.8,500,1,30,10,10.4
0.8,500,1,30,40,9.8
0.8,500,1,30,70,9.5
0.8,500,1,30,100,9.1
0.8,500,1,60,0,10.5
0.8,500,1,60,5,9.3
0.8,500,1,60,10,9.0
0.8,500,1,60,40,8.4
0.8,500,1,60,70,8.0
0.8,500,1,60,100,7.7
0.8,500,5,0,0,23.3
0.8,500,5,0,5,21.3
0.8,500,5,0,10,20.2
0.8,500,5,0,40,17.9
0.8,500,5,0,70,16.7
0.8,500,5,0,100,15.6
0.8,500,5,30,0,22.0
0.8,500,5,30,5,20.0
0.8,500,5,30,10,18.9
0.8,500,5,30,40,16.8
0.8,500,5,30,70,15.5
0.8,500,5,30,100,14.5
0.8,500,5,60,0,17.5
0.8,500,5,60,5,15.4
0.8,500,5,60,10,14.5
0.8,500,5,60,40,12.8
0.8,500,5,60,70,11.7
0.8,500,5,60,100,10.9
0.8,500,10,0,0,25.2
0.8,500,10,0,5,22.9
0.8,500,10,0,10,21.5
0.8,500,10,0,40,18.9
0.8,500,10,0,70,17.5
0.8,500,10,0,100,16.4
0.8,500,10,30,0,23.7
0.8,500,10,30,5,21.3
0.8,500,10,30,10,20.1
0.8,500,10,30,40,17.7
0.8,500,10,30,70,16.3
0.8,500,10,30,100,15.1
0.8,500,10,60,0,18.4
0.8,500,10,60,5,16.2
0.8,500,10,60,10,15.1
0.8,500,10,60,40,13.0
0.8,500,10,60,70,11.9
0.8,500,10,60,100,11.1
0.8,500,20,0,0,26.1
0.8,500,20,0,5,23.7
0.8,500,20,0,10,22.2
0.8,500,20,0,40,19.5
0.8,500,20,0,70,17.9
0.8,500,20,0,100,16.7
0.8,500,20,30,0,24.4
0.8,500,20,30,5,22.0
0.8,500,20,30,10,20.7
0.8,500,20,30,40,18.1
0.8,500,20,30,70,16.7
0.8,500,20,30,100,15.5
0.8,500,20,60,0,18.8
0.8,500,20,60,5,16.6
0.8,500,20,60,10,15.5
0.8,500,20,60,40,13.3
0.8,500,20,60,70,12.1
0.8,500,20,60,100,11.3
0.8,500,50,0,0,26.6
0.8,500,50,0,5,24.1
0.8,500,50,0,10,22.6
0.8,500,50,0,40,19.8
0.8,500,50,0,70,18.2
0.8,500,50,0,100,16.9
0.8,500,50,30,0,24.9
0.8,500,50,30,5,22.4
0.8,500,50,30,10,21.0
0.8,500,50,30,40,18.4
0.8,500,50,30,70,16.9
0.8,500,50,30,100,15.7
0.8,500,50,60,0,19.1
0.8,500,50,60,5,16.8
0.8,500,50,60,10,15.7
0.8,500,50,60,40,13.4
0.8,500,50,60,70,12.3
0.8,500,50,60,100,11.4
0.8,1000,1,0,0,16.5
0.8,1000,1,0,5,15.4
0.8,1000,1,0,10,14.9
0.8,1000,1,0,40,13.8
0.8,1000,1,0,70,13.1
0.8,1000,1,0,100,12.5
0.8,1000,1,30,0,15.9
0.8,1000,1,30,5,14.8
0.8,1000,1,30,10,14.3
0.8,1000,1,30,40,13.2
0.8,1000,1,30,70,12.5
0.8,1000,1,30,100,11.9
0.8,1000,1,60,0,13.8
0.8,1000,1,60,5,12.4
0.8,1000,1,60,10,11.7
0.8,1000,1,60,40,10.6
0.8,1000,1,60,70,10.0
0.8,1000,1,60,100,9.5
0.8,1000,5,0,0,25.0
0.8,1000,5,0,5,22.7
0.8,1000,5,0,10,21.5
0.8,1000,5,0,40,18.9
0.8,1000,5,0,70,17.4
0.8,1000,5,0,100,16.3
0.8,1000,5,30,0,23.5
0.8,1000,5,30,5,21.3
0.8,1000,5,30,10,20.0
0.8,1000,5,30,40,17.6
0.8,1000,5,30,70,16.2
0.8,1000,5,30,100,15.1
0.8,1000,5,60,0,18.3
0.8,1000,5,60,5,16.1
0.8,1000,5,60,10,15.1
0.8,1000,5,60,40,13.2
0.8,1000,5,60,70,12.0
0.8,1000,5,60,100,11.1
0.8,1000,10,0,0,26.1
0.8,1000,10,0,5,23.6
0.8,1000,10,0,10,22.2
0.8,1000,10,0,40,19.4
0.8,1000,10,0,70,17.9
0.8,1000,10,0,100,16.7
0.8,1000,10,30,0,24.4
0.8,1000,10,30,5,21.9
0.8,1000,10,30,10,20.6
0.8,1000,10,30,40,18.1
0.8,1000,10,30,70,16.7
0.8,1000,10,30,100,15.5
0.8,1000,10,60,0,18.8
0.8,1000,10,60,5,16.6
0.8,1000,10,60,10,15.5
0.8,1000,10,60,40,13.3
0.8,1000,10,60,70,12.1
0.8,1000,10,60,100,11.3
0.8,1000,20,0,0,26.5
0.8,1000,20,0,5,24.0
0.8,1000,20,0,10,22.6
0.8,1000,20,0,40,19.7
0.8,1000,20,0,70,18.1
0.8,1000,20,0,100,16.9
0.8,1000,20,30,0,24.8
0.8,1000,20,30,5,22.3
0.8,1000,20,30,10,20.9
0.8,1000,20,30,40,18.3
0.8,1000,20,30,70,16.9
0.8,1000,20,30,100,15.7
0.8,1000,20,60,0,19.0
0.8,1000,20,60,5,16.7
0.8,1000,20,60,10,15.7
0.8,1000,20,60,40,13.4
0.8,1000,20,60,70,12.2
0.8,1000,20,60,100,11.3
0.8,1000,50,0,0,26.7
0.8,1000,50,0,5,24.2
0.8,1000,50,0,10,22.8
0.8,1000,50,0,40,19.8
0.8,1000,50,0,70,18.3
0.8,1000,50,0,100,17.0
0.8,1000,50,30,0,25.0
0.8,1000,50,30,5,22.5
0.8,1000,50,30,10,21.1
0.8,1000,50,30,40,18.4
0.8,1000,50,30,70,17.0
0.8,1000,50,30,100,15.8
0.8,1000,50,60,0,19.2
0.8,1000,50,60,5,16.8
0.8,1000,50,60,10,15.8
0.8,1000,50,60,40,13.5
0.8,1000,50,60,70,12.3
0.8,1000,50,60,100,11.4
0.8,3000,1,0,0,22.5
0.8,3000,1,0,5,20.7
0.8,3000,1,0,10,19.6
0.8,3000,1,0,40,17.6
0.8,3000,1,0,70,16.4
0.8,3000,1,0,100,15.4
0.8,3000,1,30,0,21.4
0.8,3000,1,30,5,19.5
0.8,3000,1,30,10,18.5
0.8,3000,1,30,40,16.5
0.8,3000,1,30,70,15.4
0.8,3000,1,30,100,14.4
0.8,3000,1,60,0,17.2
0.8,3000,1,60,5,15.2
0.8,3000,1,60,10,14.3
0.8,3000,1,60,40,12.7
0.8,3000,1,60,70,11.7
0.8,3000,1,60,100,10.9
0.8,3000,5,0,0,26.3
0.8,3000,5,0,5,23.9
0.8,3000,5,0,10,22.4
0.8,3000,5,0,40,19.6
0.8,3000,5,0,70,18.0
0.8,3000,5,0,100,16.8
0.8,3000,5,30,0,24.6
0.8,3000,5,30,5,22.1
0.8,3000,5,30,10,20.8
0.8,3000,5,30,40,18.2
0.8,3000,5,30,70,16.8
0.8,3000,5,30,100,15.6
0.8,3000,5,60,0,18.9
0.8,3000,5,60,5,16.7
0.8,3000,5,60,10,15.6
0.8,3000,5,60,40,13.4
0.8,3000,5,60,70,12.2
0.8,3000,5,60,100,11.3
0.8,3000,10,0,0,26.6
0.8,3000,10,0,5,24.1
0.8,3000,10,0,10,22.7
0.8,3000,10,0,40,19.8
0.8,3000,10,0,70,18.2
0.8,3000,10,0,100,17.0
0.8,3000,10,30,0,24.9
0.8,3000,10,30,5,22.4
0.8,3000,10,30,10,21.0
0.8,3000,10,30,40,18.4
0.8,3000,10,30,70,16.9
0.8,3000,10,30,100,15.8
0.8,3000,10,60,0,19.1
0.8,3000,10,60,5,16.8
0.8,3000,10,60,10,15.7
0.8,3000,10,60,40,13.5
0.8,3000,10,60,70,12.3
0.8,3000,10,60,100,11.4
0.8,3000,20,0,0,26.8
0.8,3000,20,0,5,24.3
0.8,3000,20,0,10,22.8
0.8,3000,20,0,40,19.9
0.8,3000,20,0,70,18.3
0.8,3000,20,0,100,17.0
0.8,3000,20,30,0,25.0
0.8,3000,20,30,5,22.5
0.8,3000,20,30,10,21.1
0.8,3000,20,30,40,18.5
0.8,3000,20,30,70,17.0
0.8,3000,20,30,100,15.8
0.8,3000,20,60,0,19.2
0.8,3000,20,60,5,16.9
0.8,3000,20,60,10,15.8
0.8,3000,20,60,40,13.5
0.8,3000,20,60,70,12.3
0.8,3000,20,60,100,11.4
0.8,3000,50,0,0,26.9
0.8,3000,50,0,5,24.3
0.8,3000,50,0,10,22.8
0.8,3000,50,0,40,19.9
0.8,3000,50,0,70,18.3
0.8,3000,50,0,100,17.1
0.8,3000,50,30,0,25.1
0.8,3000,50,30,5,22.6
0.8,3000,50,30,10,21.2
0.8,3000,50,30,40,18.5
0.8,3000,50,30,70,17.0
0.8,3000,50,30,100,15.9
0.8,3000,50,60,0,19.2
0.8,3000,50,60,5,16.9
0.8,3000,50,60,10,15.8
0.8,3000,50,60,40,13.5
0.8,3000,50,60,70,12.3
0.8,3000,50,60,100,11.4
0.7,10,1,0,0,0.0
0.7,10,1,0,5,0.0
0.7,10,1,0,10,0.0
0.7,10,1,0,40,0.0
0.7,10,1,0,70,0.0
0.7,10,1,0,100,0.0
0.7,10,1,30,0,0.0
0.7,10,1,30,5,0.0
0.7,10,1,30,10,0.0
0.7,10,1,30,40,0.0
0.7,10,1,30,70,0.0
0.7,10,1,30,100,0.0
0.7,10,1,60,0,0.0
0.7,10,1,60,5,0.0
0.7,10,1,60,10,0.0
0.7,10,1,60,40,0.0
0.7,10,1,60,70,0.0
0.7,10,1,60,100,0.0
0.7,10,5,0,0,1.6
0.7,10,5,0,5,0.0
0.7,10,5,0,10,0.0
0.7,10,5,0,40,0.0
0.7,10,5,0,70,0.0
0.7,10,5,0,100,0.0
0.7,10,5,30,0,1.6
0.7,10,5,30,5,0.0
0.7,10,5,30,10,0.0
0.7,10,5,30,40,0.0
0.7,10,5,30,70,0.0
0.7,10,5,30,100,0.0
0.7,10,5,60,0,1.6
0.7,10,5,60,5,0.0
0.7,10,5,60,10,0.0
0.7,10,5,60,40,0.0
0.7,10,5,60,70,0.0
0.7,10,5,60,100,0.0
0.7,10,10,0,0,3.2
0.7,10,10,0,5,0.0
0.7,10,10,0,10,0.0
0.7,10,10,0,40,0.0
0.7,10,10,0,70,0.0
0.7,10,10,0,100,0.0
0.7,10,10,30,0,3.2
0.7,10,10,30,5,0.0
0.7,10,10,30,10,0.0
0.7,10,10,30,40,0.0
0.7,10,10,30,70,0.0
0.7,10,10,30,100,0.0
0.7,10,10,60,0,3.1
0.7,10,10,60,5,0.0
0.7,10,10,60,10,0.0
0.7,10,10,60,40,0.0
0.7,10,10,60,70,0.0
0.7,10,10,60,100,0.0
0.7,10,20,0,0,6.1
0.7,10,20,0,5,4.7
0.7,10,20,0,10,4.6
0.7,10,20,0,40,4.4
0.7,10,20,0,70,4.3
0.7,10,20,0,100,4.2
0.7,10,20,30,0,6.0
0.7,10,20,30,5,4.5
0.7,10,20,30,10,4.4
0.7,10,20,30,40,4.3
0.7,10,20,30,70,4.1
0.7,10,20,30,100,4.0
0.7,10,20,60,0,5.7
0.7,10,20,60,5,3.9
0.7,10,20,60,10,3.7
0.7,10,20,60,40,0.0
0.7,10,20,60,70,0.0
0.7,10,20,60,100,0.0
0.7,10,50,0,0,11.9
0.7,10,50,0,5,10.7
0.7,10,50,0,10,10.2
0.7,10,50,0,40,9.4
0.7,10,50,0,70,8.9
0.7,10,50,0,100,8.5
0.7,10,50,30,0,11.5
0.7,10,50,30,5,10.2
0.7,10,50,30,10,9.7
0.7,10,50,30,40,8.9
0.7,10,50,30,70,8.4
0.7,10,50,30,100,8.1
0.7,10,50,60,0,10.1
0.7,10,50,60,5,8.3
0.7,10,50,60,10,7.9
0.7,10,50,60,40,7.2
0.7,10,50,60,70,6.8
0.7,10,50,60,100,6.4
0.7,50,1,0,0,1.5
0.7,50,1,0,5,0.0
0.7,50,1,0,10,0.0
0.7,50,1,0,40,0.0
0.7,50,1,0,70,0.0
0.7,50,1,0,100,0.0
0.7,50,1,30,0,1.5
0.7,50,1,30,5,0.0
0.7,50,1,30,10,0.0
0.7,50,1,30,40,0.0
0.7,50,1,30,70,0.0
0.7,50,1,30,100,0.0
0.7,50,1,60,0,1.5
0.7,50,1,60,5,0.0
0.7,50,1,60,10,0.0
0.7,50,1,60,40,0.0
0.7,50,1,60,70,0.0
0.7,50,1,60,100,0.0
0.7,50,5,0,0,6.9
0.7,50,5,0,5,5.6
0.7,50,5,0,10,5.5
0.7,50,5,0,40,5.3
0.7,50,5,0,70,5.2
0.7,50,5,0,100,5.1
0.7,50,5,30,0,6.8
0.7,50,5,30,5,5.5
0.7,50,5,30,10,5.4
0.7,50,5,30,40,5.2
0.7,50,5,30,70,5.0
0.7,50,5,30,100,4.9
0.7,50,5,60,0,6.4
0.7,50,5,60,5,4.9
0.7,50,5,60,10,4.8
0.7,50,5,60,40,4.4
0.7,50,5,60,70,4.2
0.7,50,5,60,100,4.0
0.7,50,10,0,0,11.4
0.7,50,10,0,5,10.2
0.7,50,10,0,10,9.8
0.7,50,10,0,40,9.1
0.7,50,10,0,70,8.7
0.7,50,10,0,100,8.3
0.7,50,10,30,0,11.1
0.7,50,10,30,5,9.8
0.7,50,10,30,10,9.4
0.7,50,10,30,40,8.6
0.7,50,10,30,70,8.2
0.7,50,10,30,100,7.9
0.7,50,10,60,0,9.8
0.7,50,10,60,5,8.1
0.7,50,10,60,10,7.7
0.7,50,10,60,40,7.1
0.7,50,10,60,70,6.7
0.7,50,10,60,100,6.4
0.7,50,20,0,0,15.9
0.7,50,20,0,5,14.4
0.7,50,20,0,10,13.7
0.7,50,20,0,40,12.4
0.7,50,20,0,70,11.5
0.7,50,20,0,100,10.9
0.7,50,20,30,0,15.2
0.7,50,20,30,5,13.6
0.7,50,20,30,10,12.9
0.7,50,20,30,40,11.6
0.7,50,20,30,70,10.8
0.7,50,20,30,100,10.2
0.7,50,20,60,0,12.6
0.7,50,20,60,5,10.7
0.7,50,20,60,10,10.0
0.7,50,20,60,40,8.9
0.7,50,20,60,70,8.2
0.7,50,20,60,100,7.7
0.7,50,50,0,0,19.6
0.7,50,50,0,5,17.6
0.7,50,50,0,10,16.6
0.7,50,50,0,40,14.7
0.7,50,50,0,70,13.5
0.7,50,50,0,100,12.6
0.7,50,50,30,0,18.5
0.7,50,50,30,5,16.5
0.7,50,50,30,10,15.6
0.7,50,50,30,40,13.6
0.7,50,50,30,70,12.5
0.7,50,50,30,100,11.7
0.7,50,50,60,0,14.6
0.7,50,50,60,5,12.4
0.7,50,50,60,10,11.6
0.7,50,50,60,40,10.1
0.7,50,50,60,70,9.1
0.7,50,50,60,100,8.4
0.7,100,1,0,0,2.7
0.7,100,1,0,5,0.0
0.7,100,1,0,10,0.0
0.7,100,1,0,40,0.0
0.7,100,1,0,70,0.0
0.7,100,1,0,100,0.0
0.7,100,1,30,0,2.7
0.7,100,1,30,5,0.0
0.7,100,1,30,10,0.0
0.7,100,1,30,40,0.0
0.7,100,1,30,70,0.0
0.7,100,1,30,100,0.0
0.7,100,1,60,0,2.7
0.7,100,1,60,5,0.0
0.7,100,1,60,10,0.0
0.7,100,1,60,40,0.0
0.7,100,1,60,70,0.0
0.7,100,1,60,100,0.0
0.7,100,5,0,0,11.0
0.7,100,5,0,5,9.8
0.7,100,5,0,10,9.5
0.7,100,5,0,40,8.8
0.7,100,5,0,70,8.4
0.7,100,5,0,100,8.1
0.7,100,5,30,0,10.7
0.7,100,5,30,5,9.4
0.7,100,5,30,10,9.0
0.7,100,5,30,40,8.4
0.7,100,5,30,70,8.0
0.7,100,5,30,100,7.7
0.7,100,5,60,0,9.5
0.7,100,5,60,5,7.9
0.7,100,5,60,10,7.5
0.7,100,5,60,40,6.9
0.7,100,5,60,70,6.6
0.7,100,5,60,100,6.3
0.7,100,10,0,0,15.6
0.7,100,10,0,5,14.2
0.7,100,10,0,10,13.5
0.7,100,10,0,40,12.2
0.7,100,10,0,70,11.5
0.7,100,10,0,100,10.8
0.7,100,10,30,0,15.0
0.7,100,10,30,5,13.5
0.7,100,10,30,10,12.8
0.7,100,10,30,40,11.5
0.7,100,10,30,70,10.7
0.7,100,10,30,100,10.1
0.7,100,10,60,0,12.4
0.7,100,10,60,5,10.5
0.7,100,10,60,10,9.9
0.7,100,10,60,40,8.8
0.7,100,10,60,70,8.2
0.7,100,10,60,100,7.7
0.7,100,20,0,0,18.9
0.7,100,20,0,5,16.9
0.7,100,20,0,10,16.0
0.7,100,20,0,40,14.2
0.7,100,20,0,70,13.2
0.7,100,20,0,100,12.4
0.7,100,20,30,0,17.8
0.7,100,20,30,5,15.9
0.7,100,20,30,10,15.0
0.7,100,20,30,40,13.3
0.7,100,20,30,70,12.3
0.7,100,20,30,100,11.5
0.7,100,20,60,0,14.2
0.7,100,20,60,5,12.1
0.7,100,20,60,10,11.4
0.7,100,20,60,40,9.8
0.7,100,20,60,70,9.1
0.7,100,20,60,100,8.5
0.7,100,50,0,0,21.0
0.7,100,50,0,5,18.7
0.7,100,50,0,10,17.7
0.7,100,50,0,40,15.5
0.7,100,50,0,70,14.1
0.7,100,50,0,100,13.0
0.7,100,50,30,0,19.6
0.7,100,50,30,5,17.5
0.7,100,50,30,10,16.5
0.7,100,50,30,40,14.2
0.7,100,50,30,70,12.9
0.7,100,50,30,100,11.9
0.7,100,50,60,0,15.3
0.7,100,50,60,5,12.7
0.7,100,50,60,10,11.8
0.7,100,50,60,40,10.3
0.7,100,50,60,70,9.5
0.7,100,50,60,100,8.9
0.7,500,1,0,0,9.2
0.7,500,1,0,5,8.1
0.7,500,1,0,10,7.9
0.7,500,1,0,40,7.5
0.7,500,1,0,70,7.3
0.7,500,1,0,100,7.1
0.7,500,1,30,0,9.1
0.7,500,1,30,5,7.8
0.7,500,1,30,10,7.6
0.7,500,1,30,40,7.3
0.7,500,1,30,70,7.0
0.7,500,1,30,100,6.8
0.7,500,1,60,0,8.3
0.7,500,1,60,5,6.9
0.7,500,1,60,10,6.7
0.7,500,1,60,40,6.3
0.7,500,1,60,70,6.0
0.7,500,1,60,100,5.7
0.7,500,5,0,0,19.2
0.7,500,5,0,5,17.3
0.7,500,5,0,10,16.3
0.7,500,5,0,40,14.5
0.7,500,5,0,70,13.4
0.7,500,5,0,100,12.5
0.7,500,5,30,0,18.1
0.7,500,5,30,5,16.2
0.7,500,5,30,10,15.3
0.7,500,5,30,40,13.5
0.7,500,5,30,70,12.5
0.7,500,5,30,100,11.7
0.7,500,5,60,0,14.4
0.7,500,5,60,5,12.3
0.7,500,5,60,10,11.5
0.7,500,5,60,40,10.1
0.7,500,5,60,70,9.2
0.7,500,5,60,100,8.6
0.7,500,10,0,0,21.0
0.7,500,10,0,5,18.7
0.7,500,10,0,10,17.5
0.7,500,10,0,40,15.5
0.7,500,10,0,70,14.3
0.7,500,10,0,100,13.2
0.7,500,10,30,0,19.6
0.7,500,10,30,5,17.4
0.7,500,10,30,10,16.4
0.7,500,10,30,40,14.4
0.7,500,10,30,70,13.1
0.7,500,10,30,100,12.0
0.7,500,10,60,0,15.3
0.7,500,10,60,5,12.9
0.7,500,10,60,10,11.9
0.7,500,10,60,40,10.3
0.7,500,10,60,70,9.4
0.7,500,10,60,100,8.8
0.7,500,20,0,0,21.7
0.7,500,20,0,5,19.4
0.7,500,20,0,10,18.2
0.7,500,20,0,40,16.1
0.7,500,20,0,70,14.5
0.7,500,20,0,100,13.3
0.7,500,20,30,0,20.3
0.7,500,20,30,5,18.0
0.7,500,20,30,10,17.0
0.7,500,20,30,40,14.7
0.7,500,20,30,70,13.3
0.7,500,20,30,100,12.2
0.7,500,20,60,0,15.8
0.7,500,20,60,5,13.1
0.7,500,20,60,10,12.1
0.7,500,20,60,40,10.5
0.7,500,20,60,70,9.7
0.7,500,20,60,100,9.1
0.7,500,50,0,0,22.2
0.7,500,50,0,5,19.8
0.7,500,50,0,10,18.6
0.7,500,50,0,40,16.3
0.7,500,50,0,70,14.8
0.7,500,50,0,100,13.6
0.7,500,50,30,0,20.7
0.7,500,50,30,5,18.4
0.7,500,50,30,10,17.3
0.7,500,50,30,40,15.0
0.7,500,50,30,70,13.5
0.7,500,50,30,100,12.4
0.7,500,50,60,0,16.0
0.7,500,50,60,5,13.3
0.7,500,50,60,10,12.3
0.7,500,50,60,40,10.7
0.7,500,50,60,70,9.8
0.7,500,50,60,100,9.2
0.7,1000,1,0,0,13.3
0.7,1000,1,0,5,12.2
0.7,1000,1,0,10,11.7
0.7,1000,1,0,40,10.8
0.7,1000,1,0,70,10.3
0.7,1000,1,0,100,9.8
0.7,1000,1,30,0,12.9
0.7,1000,1,30,5,11.7
0.7,1000,1,30,10,11.2
0.7,1000,1,30,40,10.3
0.7,1000,1,30,70,9.7
0.7,1000,1,30,100,9.2
0.7,1000,1,60,0,11.2
0.7,1000,1,60,5,9.5
0.7,1000,1,60,10,9.0
0.7,1000,1,60,40,8.2
0.7,1000,1,60,70,7.7
0.7,1000,1,60,100,7.3
0.7,1000,5,0,0,20.8
0.7,1000,5,0,5,18.6
0.7,1000,5,0,10,17.6
0.7,1000,5,0,40,15.4
0.7,1000,5,0,70,14.2
0.7,1000,5,0,100,13.2
0.7,1000,5,30,0,19.5
0.7,1000,5,30,5,17.4
0.7,1000,5,30,10,16.3
0.7,1000,5,30,40,14.3
0.7,1000,5,30,70,13.2
0.7,1000,5,30,100,12.3
0.7,1000,5,60,0,15.2
0.7,1000,5,60,5,13.0
0.7,1000,5,60,10,12.2
0.7,1000,5,60,40,10.4
0.7,1000,5,60,70,9.4
0.7,1000,5,60,100,8.7
0.7,1000,10,0,0,21.7
0.7,1000,10,0,5,19.3
0.7,1000,10,0,10,18.2
0.7,1000,10,0,40,16.0
0.7,1000,10,0,70,14.5
0.7,1000,10,0,100,13.3
0.7,1000,10,30,0,20.2
0.7,1000,10,30,5,18.0
0.7,1000,10,30,10,17.0
0.7,1000,10,30,40,14.6
0.7,1000,10,30,70,13.3
0.7,1000,10,30,100,12.2
0.7,1000,10,60,0,15.7
0.7,1000,10,60,5,13.1
0.7,1000,10,60,10,12.1
0.7,1000,10,60,40,10.5
0.7,1000,10,60,70,9.7
0.7,1000,10,60,100,9.1
0.7,1000,20,0,0,22.1
0.7,1000,20,0,5,19.7
0.7,1000,20,0,10,18.5
0.7,1000,20,0,40,16.3
0.7,1000,20,0,70,14.8
0.7,1000,20,0,100,13.5
0.7,1000,20,30,0,20.6
0.7,1000,20,30,5,18.3
0.7,1000,20,30,10,17.2
0.7,1000,20,30,40,14.9
0.7,1000,20,30,70,13.5
0.7,1000,20,30,100,12.4
0.7,1000,20,60,0,16.0
0.7,1000,20,60,5,13.3
0.7,1000,20,60,10,12.3
0.7,1000,20,60,40,10.6
0.7,1000,20,60,70,9.8
0.7,1000,20,60,100,9.1
0.7,1000,50,0,0,22.4
0.7,1000,50,0,5,19.9
0.7,1000,50,0,10,18.7
0.7,1000,50,0,40,16.4
0.7,1000,50,0,70,14.9
0.7,1000,50,0,100,13.7
0.7,1000,50,30,0,20.8
0.7,1000,50,30,5,18.5
0.7,1000,50,30,10,17.4
0.7,1000,50,30,40,15.1
0.7,1000,50,30,70,13.6
0.7,1000,50,30,100,12.5
0.7,1000,50,60,0,16.1
0.7,1000,50,60,5,13.4
0.7,1000,50,60,10,12.4
0.7,1000,50,60,40,10.7
0.7,1000,50,60,70,9.8
0.7,1000,50,60,100,9.2
0.7,3000,1,0,0,18.6
0.7,3000,1,0,5,16.8
0.7,3000,1,0,10,16.0
0.7,3000,1,0,40,14.3
0.7,3000,1,0,70,13.3
0.7,3000,1,0,100,12.5
0.7,3000,1,30,0,17.7
0.7,3000,1,30,5,15.9
0.7,3000,1,30,10,15.1
0.7,3000,1,30,40,13.4
0.7,3000,1,30,70,12.4
0.7,3000,1,30,100,11.6
0.7,3000,1,60,0,14.2
0.7,3000,1,60,5,12.2
0.7,3000,1,60,10,11.4
0.7,3000,1,60,40,10.1
0.7,3000,1,60,70,9.2
0.7,3000,1,60,100,8.6
0.7,3000,5,0,0,21.9
0.7,3000,5,0,5,19.5
0.7,3000,5,0,10,18.4
0.7,3000,5,0,40,16.2
0.7,3000,5,0,70,14.6
0.7,3000,5,0,100,13.5
0.7,3000,5,30,0,20.5
0.7,3000,5,30,5,18.2
0.7,3000,5,30,10,17.1
0.7,3000,5,30,40,14.8
0.7,3000,5,30,70,13.4
0.7,3000,5,30,100,12.3
0.7,3000,5,60,0,15.9
0.7,3000,5,60,5,13.2
0.7,3000,5,60,10,12.2
0.7,3000,5,60,40,10.6
0.7,3000,5,60,70,9.7
0.7,3000,5,60,100,9.1
0.7,3000,10,0,0,22.2
0.7,3000,10,0,5,19.8
0.7,3000,10,0,10,18.6
0.7,3000,10,0,40,16.3
0.7,3000,10,0,70,14.8
0.7,3000,10,0,100,13.6
0.7,3000,10,30,0,20.7
0.7,3000,10,30,5,18.4
0.7,3000,10,30,10,17.3
0.7,3000,10,30,40,15.0
0.7,3000,10,30,70,13.5
0.7,3000,10,30,100,12.5
0.7,3000,10,60,0,16.0
0.7,3000,10,60,5,13.3
0.7,3000,10,60,10,12.3
0.7,3000,10,60,40,10.7
0.7,3000,10,60,70,9.8
0.7,3000,10,60,100,9.2
0.7,3000,20,0,0,22.4
0.7,3000,20,0,5,19.9
0.7,3000,20,0,10,18.7
0.7,3000,20,0,40,16.4
0.7,3000,20,0,70,14.9
0.7,3000,20,0,100,13.7
0.7,3000,20,30,0,20.9
0.7,3000,20,30,5,18.5
0.7,3000,20,30,10,17.4
0.7,3000,20,30,40,15.1
0.7,3000,20,30,70,13.6
0.7,3000,20,30,100,12.5
0.7,3000,20,60,0,16.1
0.7,3000,20,60,5,13.4
0.7,3000,20,60,10,12.4
0.7,3000,20,60,40,10.7
0.7,3000,20,60,70,9.8
0.7,3000,20,60,100,9.2
0.7,3000,50,0,0,22.5
0.7,3000,50,0,5,20.0
0.7,3000,50,0,10,18.8
0.7,3000,50,0,40,16.5
0.7,3000,50,0,70,15.0
0.7,3000,50,0,100,13.7
0.7,3000,50,30,0,20.9
0.7,3000,50,30,5,18.6
0.7,3000,50,30,10,17.5
0.7,3000,50,30,40,15.1
0.7,3000,50,30,70,13.6
0.7,3000,50,30,100,12.5
0.7,3000,50,60,0,16.1
0.7,3000,50,60,5,13.4
0.7,3000,50,60,10,12.4
0.7,3000,50,60,40,10.7
0.7,3000,50,60,70,9.9
0.7,3000,50,60,100,9.2
0.6,10,1,0,0,0.0
0.6,10,1,0,5,0.0
0.6,10,1,0,10,0.0
0.6,10,1,0,40,0.0
0.6,10,1,0,70,0.0
0.6,10,1,0,100,0.0
0.6,10,1,30,0,0.0
0.6,10,1,30,5,0.0
0.6,10,1,30,10,0.0
0.6,10,1,30,40,0.0
0.6,10,1,30,70,0.0
0.6,10,1,30,100,0.0
0.6,10,1,60,0,0.0
0.6,10,1,60,5,0.0
0.6,10,1,60,10,0.0
0.6,10,1,60,40,0.0
0.6,10,1,60,70,0.0
0.6,10,1,60,100,0.0
0.6,10,5,0,0,1.0
0.6,10,5,0,5,0.0
0.6,10,5,0,10,0.0
0.6,10,5,0,40,0.0
0.6,10,5,0,70,0.0
0.6,10,5,0,100,0.0
0.6,10,5,30,0,1.0
0.6,10,5,30,5,0.0
0.6,10,5,30,10,0.0
0.6,10,5,30,40,0.0
0.6,10,5,30,70,0.0
0.6,10,5,30,100,0.0
0.6,10,5,60,0,1.0
0.6,10,5,60,5,0.0
0.6,10,5,60,10,0.0
0.6,10,5,60,40,0.0
0.6,10,5,60,70,0.0
0.6,10,5,60,100,0.0
0.6,10,10,0,0,2.1
0.6,10,10,0,5,0.0
0.6,10,10,0,10,0.0
0.6,10,10,0,40,0.0
0.6,10,10,0,70,0.0
0.6,10,10,0,100,0.0
0.6,10,10,30,0,2.1
0.6,10,10,30,5,0.0
0.6,10,10,30,10,0.0
0.6,10,10,30,40,0.0
0.6,10,10,30,70,0.0
0.6,10,10,30,100,0.0
0.6,10,10,60,0,2.1
0.6,10,10,60,5,0.0
0.6,10,10,60,10,0.0
0.6,10,10,60,40,0.0
0.6,10,10,60,70,0.0
0.6,10,10,60,100,0.0
0.6,10,20,0,0,4.0
0.6,10,20,0,5,0.0
0.6,10,20,0,10,0.0
0.6,10,20,0,40,0.0
0.6,10,20,0,70,0.0
0.6,10,20,0,100,0.0
0.6,10,20,30,0,4.0
0.6,10,20,30,5,0.0
0.6,10,20,30,10,0.0
0.6,10,20,30,40,0.0
0.6,10,20,30,70,0.0
0.6,10,20,30,100,0.0
0.6,10,20,60,0,3.8
0.6,10,20,60,5,0.0
0.6,10,20,60,10,0.0
0.6,10,20,60,40,0.0
0.6,10,20,60,70,0.0
0.6,10,20,60,100,0.0
0.6,10,50,0,0,8.3
0.6,10,50,0,5,5.9
0.6,10,50,0,10,5.7
0.6,10,50,0,40,5.4
0.6,10,50,0,70,5.1
0.6,10,50,0,100,4.8
0.6,10,50,30,0,8.1
0.6,10,50,30,5,5.7
0.6,10,50,30,10,5.5
0.6,10,50,30,40,5.0
0.6,10,50,30,70,4.6
0.6,10,50,30,100,0.0
0.6,10,50,60,0,7.2
0.6,10,50,60,5,0.0
0.6,10,50,60,10,0.0
0.6,10,50,60,40,0.0
0.6,10,50,60,70,0.0
0.6,10,50,60,100,0.0
0.6,50,1,0,0,1.0
0.6,50,1,0,5,0.0
0.6,50,1,0,10,0.0
0.6,50,1,0,40,0.0
0.6,50,1,0,70,0.0
0.6,50,1,0,100,0.0
0.6,50,1,30,0,1.0
0.6,50,1,30,5,0.0
0.6,50,1,30,10,0.0
0.6,50,1,30,40,0.0
0.6,50,1,30,70,0.0
0.6,50,1,30,100,0.0
0.6,50,1,60,0,1.0
0.6,50,1,60,5,0.0
0.6,50,1,60,10,0.0
0.6,50,1,60,40,0.0
0.6,50,1,60,70,0.0
0.6,50,1,60,100,0.0
0.6,50,5,0,0,4.6
0.6,50,5,0,5,0.0
0.6,50,5,0,10,0.0
0.6,50,5,0,40,0.0
0.6,50,5,0,70,0.0
0.6,50,5,0,100,0.0
0.6,50,5,30,0,4.6
0.6,50,5,30,5,0.0
0.6,50,5,30,10,0.0
0.6,50,5,30,40,0.0
0.6,50,5,30,70,0.0
0.6,50,5,30,100,0.0
0.6,50,5,60,0,4.4
0.6,50,5,60,5,0.0
0.6,50,5,60,10,0.0
0.6,50,5,60,40,0.0
0.6,50,5,60,70,0.0
0.6,50,5,60,100,0.0
0.6,50,10,0,0,8.1
0.6,50,10,0,5,5.8
0.6,50,10,0,10,5.6
0.6,50,10,0,40,5.2
0.6,50,10,0,70,4.9
0.6,50,10,0,100,4.6
0.6,50,10,30,0,7.9
0.6,50,10,30,5,5.5
0.6,50,10,30,10,5.3
0.6,50,10,30,40,4.9
0.6,50,10,30,70,4.3
0.6,50,10,30,100,0.0
0.6,50,10,60,0,7.1
0.6,50,10,60,5,0.0
0.6,50,10,60,10,0.0
0.6,50,10,60,40,0.0
0.6,50,10,60,70,0.0
0.6,50,10,60,100,0.0
0.6,50,20,0,0,11.7
0.6,50,20,0,5,9.9
0.6,50,20,0,10,9.2
0.6,50,20,0,40,8.2
0.6,50,20,0,70,7.6
0.6,50,20,0,100,7.1
0.6,50,20,30,0,11.3
0.6,50,20,30,5,9.1
0.6,50,20,30,10,8.5
0.6,50,20,30,40,7.6
0.6,50,20,30,70,7.1
0.6,50,20,30,100,6.7
0.6,50,20,60,0,9.4
0.6,50,20,60,5,6.9
0.6,50,20,60,10,6.5
0.6,50,20,60,40,5.6
0.6,50,20,60,70,5.1
0.6,50,20,60,100,0.0
0.6,50,50,0,0,15.1
0.6,50,50,0,5,13.1
0.6,50,50,0,10,12.4
0.6,50,50,0,40,10.6
0.6,50,50,0,70,9.6
0.6,50,50,0,100,9.0
0.6,50,50,30,0,14.2
0.6,50,50,30,5,12.3
0.6,50,50,30,10,11.3
0.6,50,50,30,40,9.7
0.6,50,50,30,70,8.9
0.6,50,50,30,100,8.3
0.6,50,50,60,0,11.3
0.6,50,50,60,5,8.6
0.6,50,50,60,10,8.0
0.6,50,50,60,40,6.4
0.6,50,50,60,70,5.7
0.6,50,50,60,100,5.2
0.6,100,1,0,0,1.9
0.6,100,1,0,5,0.0
0.6,100,1,0,10,0.0
0.6,100,1,0,40,0.0
0.6,100,1,0,70,0.0
0.6,100,1,0,100,0.0
0.6,100,1,30,0,1.9
0.6,100,1,30,5,0.0
0.6,100,1,30,10,0.0
0.6,100,1,30,40,0.0
0.6,100,1,30,70,0.0
0.6,100,1,30,100,0.0
0.6,100,1,60,0,1.8
0.6,100,1,60,5,0.0
0.6,100,1,60,10,0.0
0.6,100,1,60,40,0.0
0.6,100,1,60,70,0.0
0.6,100,1,60,100,0.0
0.6,100,5,0,0,7.8
0.6,100,5,0,5,5.6
0.6,100,5,0,10,5.4
0.6,100,5,0,40,5.0
0.6,100,5,0,70,4.7
0.6,100,5,0,100,4.5
0.6,100,5,30,0,7.6
0.6,100,5,30,5,5.4
0.6,100,5,30,10,5.2
0.6,100,5,30,40,4.6
0.6,100,5,30,70,0.0
0.6,100,5,30,100,0.0
0.6,100,5,60,0,6.9
0.6,100,5,60,5,0.0
0.6,100,5,60,10,0.0
0.6,100,5,60,40,0.0
0.6,100,5,60,70,0.0
0.6,100,5,60,100,0.0
0.6,100,10,0,0,11.6
0.6,100,10,0,5,9.7
0.6,100,10,0,10,9.1
0.6,100,10,0,40,8.0
0.6,100,10,0,70,7.5
0.6,100,10,0,100,7.1
0.6,100,10,30,0,11.1
0.6,100,10,30,5,9.0
0.6,100,10,30,10,8.4
0.6,100,10,30,40,7.5
0.6,100,10,30,70,7.0
0.6,100,10,30,100,6.6
0.6,100,10,60,0,9.4
0.6,100,10,60,5,6.8
0.6,100,10,60,10,6.4
0.6,100,10,60,40,5.5
0.6,100,10,60,70,5.0
0.6,100,10,60,100,4.6
0.6,100,20,0,0,14.4
0.6,100,20,0,5,12.5
0.6,100,20,0,10,11.8
0.6,100,20,0,40,10.2
0.6,100,20,0,70,9.4
0.6,100,20,0,100,8.7
0.6,100,20,30,0,13.6
0.6,100,20,30,5,11.7
0.6,100,20,30,10,10.8
0.6,100,20,30,40,9.4
0.6,100,20,30,70,8.6
0.6,100,20,30,100,7.9
0.6,100,20,60,0,11.0
0.6,100,20,60,5,8.3
0.6,100,20,60,10,7.6
0.6,100,20,60,40,6.7
0.6,100,20,60,70,6.2
0.6,100,20,60,100,4.0
0.6,100,50,0,0,16.4
0.6,100,50,0,5,14.1
0.6,100,50,0,10,12.9
0.6,100,50,0,40,10.9
0.6,100,50,0,70,10.0
0.6,100,50,0,100,9.3
0.6,100,50,30,0,15.4
0.6,100,50,30,5,12.7
0.6,100,50,30,10,11.7
0.6,100,50,30,40,10.0
0.6,100,50,30,70,9.2
0.6,100,50,30,100,8.6
0.6,100,50,60,0,11.8
0.6,100,50,60,5,9.0
0.6,100,50,60,10,8.4
0.6,100,50,60,40,0.0
0.6,100,50,60,70,0.0
0.6,100,50,60,100,0.0
0.6,500,1,0,0,6.7
0.6,500,1,0,5,4.5
0.6,500,1,0,10,0.0
0.6,500,1,0,40,0.0
0.6,500,1,0,70,0.0
0.6,500,1,0,100,0.0
0.6,500,1,30,0,6.6
0.6,500,1,30,5,0.0
0.6,500,1,30,10,0.0
0.6,500,1,30,40,0.0
0.6,500,1,30,70,0.0
0.6,500,1,30,100,0.0
0.6,500,1,60,0,6.1
0.6,500,1,60,5,0.0
0.6,500,1,60,10,0.0
0.6,500,1,60,40,0.0
0.6,500,1,60,70,0.0
0.6,500,1,60,100,0.0
0.6,500,5,0,0,14.8
0.6,500,5,0,5,12.8
0.6,500,5,0,10,12.1
0.6,500,5,0,40,10.5
0.6,500,5,0,70,9.6
0.6,500,5,0,100,9.0
0.6,500,5,30,0,14.0
0.6,500,5,30,5,12.0
0.6,500,5,30,10,11.3
0.6,500,5,30,40,9.6
0.6,500,5,30,70,8.8
0.6,500,5,30,100,8.2
0.6,500,5,60,0,11.2
0.6,500,5,60,5,8.6
0.6,500,5,60,10,7.9
0.6,500,5,60,40,6.8
0.6,500,5,60,70,6.3
0.6,500,5,60,100,5.9
0.6,500,10,0,0,16.4
0.6,500,10,0,5,14.1
0.6,500,10,0,10,13.2
0.6,500,10,0,40,11.6
0.6,500,10,0,70,10.4
0.6,500,10,0,100,9.4
0.6,500,10,30,0,15.3
0.6,500,10,30,5,13.1
0.6,500,10,30,10,12.3
0.6,500,10,30,40,10.5
0.6,500,10,30,70,9.3
0.6,500,10,30,100,8.5
0.6,500,10,60,0,12.0
0.6,500,10,60,5,9.1
0.6,500,10,60,10,8.3
0.6,500,10,60,40,7.1
0.6,500,10,60,70,6.6
0.6,500,10,60,100,6.1
0.6,500,20,0,0,17.1
0.6,500,20,0,5,14.6
0.6,500,20,0,10,13.4
0.6,500,20,0,40,11.4
0.6,500,20,0,70,10.4
0.6,500,20,0,100,9.7
0.6,500,20,30,0,16.1
0.6,500,20,30,5,13.2
0.6,500,20,30,10,12.2
0.6,500,20,30,40,10.5
0.6,500,20,30,70,9.6
0.6,500,20,30,100,9.0
0.6,500,20,60,0,12.2
0.6,500,20,60,5,9.4
0.6,500,20,60,10,8.8
0.6,500,20,60,40,0.0
0.6,500,20,60,70,0.0
0.6,500,20,60,100,0.0
0.6,500,50,0,0,17.6
0.6,500,50,0,5,15.2
0.6,500,50,0,10,13.8
0.6,500,50,0,40,11.7
0.6,500,50,0,70,10.7
0.6,500,50,0,100,9.9
0.6,500,50,30,0,16.5
0.6,500,50,30,5,13.7
0.6,500,50,30,10,12.5
0.6,500,50,30,40,10.7
0.6,500,50,30,70,9.8
0.6,500,50,30,100,9.1
0.6,500,50,60,0,12.4
0.6,500,50,60,5,9.6
0.6,500,50,60,10,8.9
0.6,500,50,60,40,0.0
0.6,500,50,60,70,0.0
0.6,500,50,60,100,0.0
0.6,1000,1,0,0,9.9
0.6,1000,1,0,5,8.0
0.6,1000,1,0,10,7.7
0.6,1000,1,0,40,7.1
0.6,1000,1,0,70,6.7
0.6,1000,1,0,100,6.4
0.6,1000,1,30,0,9.7
0.6,1000,1,30,5,7.6
0.6,1000,1,30,10,7.3
0.6,1000,1,30,40,6.7
0.6,1000,1,30,70,6.3
0.6,1000,1,30,100,6.0
0.6,1000,1,60,0,8.5
0.6,1000,1,60,5,6.2
0.6,1000,1,60,10,5.8
0.6,1000,1,60,40,5.1
0.6,1000,1,60,70,4.7
0.6,1000,1,60,100,3.8
0.6,1000,5,0,0,16.2
0.6,1000,5,0,5,14.2
0.6,1000,5,0,10,13.2
0.6,1000,5,0,40,11.4
0.6,1000,5,0,70,10.4
0.6,1000,5,0,100,9.8
0.6,1000,5,30,0,15.3
0.6,1000,5,30,5,13.0
0.6,1000,5,30,10,12.1
0.6,1000,5,30,40,10.5
0.6,1000,5,30,70,9.7
0.6,1000,5,30,100,8.7
0.6,1000,5,60,0,11.9
0.6,1000,5,60,5,9.4
0.6,1000,5,60,10,8.3
0.6,1000,5,60,40,6.9
0.6,1000,5,60,70,6.3
0.6,1000,5,60,100,5.8
0.6,1000,10,0,0,17.1
0.6,1000,10,0,5,14.6
0.6,1000,10,0,10,13.4
0.6,1000,10,0,40,11.4
0.6,1000,10,0,70,10.4
0.6,1000,10,0,100,9.7
0.6,1000,10,30,0,16.1
0.6,1000,10,30,5,13.2
0.6,1000,10,30,10,12.2
0.6,1000,10,30,40,10.5
0.6,1000,10,30,70,9.6
0.6,1000,10,30,100,9.0
0.6,1000,10,60,0,12.2
0.6,1000,10,60,5,9.4
0.6,1000,10,60,10,8.8
0.6,1000,10,60,40,0.0
0.6,1000,10,60,70,0.0
0.6,1000,10,60,100,0.0
0.6,1000,20,0,0,17.5
0.6,1000,20,0,5,15.1
0.6,1000,20,0,10,13.7
0.6,1000,20,0,40,11.6
0.6,1000,20,0,70,10.6
0.6,1000,20,0,100,9.9
0.6,1000,20,30,0,16.4
0.6,1000,20,30,5,13.6
0.6,1000,20,30,10,12.5
0.6,1000,20,30,40,10.7
0.6,1000,20,30,70,9.8
0.6,1000,20,30,100,9.1
0.6,1000,20,60,0,12.4
0.6,1000,20,60,5,9.6
0.6,1000,20,60,10,8.9
0.6,1000,20,60,40,0.0
0.6,1000,20,60,70,0.0
0.6,1000,20,60,100,0.0
0.6,1000,50,0,0,17.7
0.6,1000,50,0,5,15.3
0.6,1000,50,0,10,14.0
0.6,1000,50,0,40,11.8
0.6,1000,50,0,70,10.7
0.6,1000,50,0,100,10.0
0.6,1000,50,30,0,16.6
0.6,1000,50,30,5,13.8
0.6,1000,50,30,10,12.7
0.6,1000,50,30,40,10.8
0.6,1000,50,30,70,9.9
0.6,1000,50,30,100,9.2
0.6,1000,50,60,0,12.5
0.6,1000,50,60,5,9.7
0.6,1000,50,60,10,9.0
0.6,1000,50,60,40,0.0
0.6,1000,50,60,70,0.0
0.6,1000,50,60,100,0.0
0.6,3000,1,0,0,14.4
0.6,3000,1,0,5,12.7
0.6,3000,1,0,10,11.9
0.6,3000,1,0,40,10.5
0.6,3000,1,0,70,9.6
0.6,3000,1,0,100,8.9
0.6,3000,1,30,0,13.7
0.6,3000,1,30,5,11.8
0.6,3000,1,30,10,11.0
0.6,3000,1,30,40,9.6
0.6,3000,1,30,70,8.8
0.6,3000,1,30,100,8.2
0.6,3000,1,60,0,11.1
0.6,3000,1,60,5,8.6
0.6,3000,1,60,10,7.9
0.6,3000,1,60,40,6.9
0.6,3000,1,60,70,6.4
0.6,3000,1,60,100,5.7
0.6,3000,5,0,0,17.3
0.6,3000,5,0,5,14.9
0.6,3000,5,0,10,13.6
0.6,3000,5,0,40,11.5
0.6,3000,5,0,70,10.5
0.6,3000,5,0,100,9.8
0.6,3000,5,30,0,16.3
0.6,3000,5,30,5,13.4
0.6,3000,5,30,10,12.3
0.6,3000,5,30,40,10.6
0.6,3000,5,30,70,9.7
0.6,3000,5,30,100,9.1
0.6,3000,5,60,0,12.3
0.6,3000,5,60,5,9.5
0.6,3000,5,60,10,8.8
0.6,3000,5,60,40,0.0
0.6,3000,5,60,70,0.0
0.6,3000,5,60,100,0.0
0.6,3000,10,0,0,17.6
0.6,3000,10,0,5,15.2
0.6,3000,10,0,10,13.9
0.6,3000,10,0,40,11.7
0.6,3000,10,0,70,10.7
0.6,3000,10,0,100,9.9
0.6,3000,10,30,0,16.5
0.6,3000,10,30,5,13.7
0.6,3000,10,30,10,12.6
0.6,3000,10,30,40,10.7
0.6,3000,10,30,70,9.8
0.6,3000,10,30,100,9.2
0.6,3000,10,60,0,12.5
0.6,3000,10,60,5,9.6
0.6,3000,10,60,10,8.9
0.6,3000,10,60,40,0.0
0.6,3000,10,60,70,0.0
0.6,3000,10,60,100,0.0
0.6,3000,20,0,0,17.7
0.6,3000,20,0,5,15.4
0.6,3000,20,0,10,14.0
0.6,3000,20,0,40,11.8
0.6,3000,20,0,70,10.8
0.6,3000,20,0,100,10.0
0.6,3000,20,30,0,16.6
0.6,3000,20,30,5,13.9
0.6,3000,20,30,10,12.7
0.6,3000,20,30,40,10.8
0.6,3000,20,30,70,9.9
0.6,3000,20,30,100,9.2
0.6,3000,20,60,0,12.5
0.6,3000,20,60,5,9.7
0.6,3000,20,60,10,9.0
0.6,3000,20,60,40,0.0
0.6,3000,20,60,70,0.0
0.6,3000,20,60,100,0.0
0.6,3000,50,0,0,17.8
0.6,3000,50,0,5,15.5
0.6,3000,50,0,10,14.1
0.6,3000,50,0,40,11.9
0.6,3000,50,0,70,10.8
0.6,3000,50,0,100,10.0
0.6,3000,50,30,0,16.7
0.6,3000,50,30,5,13.9
0.6,3000,50,30,10,12.7
0.6,3000,50,30,40,10.8
0.6,3000,50,30,70,9.9
0.6,3000,50,30,100,9.2
0.6,3000,50,60,0,12.6
0.6,3000,50,60,5,9.7
0.6,3000,50,60,10,9.0
0.6,3000,50,60,40,0.0
0.6,3000,50,60,70,0.0
0.6,3000,50,60,100,0.0
0.5,10,1,0,0,0.0
0.5,10,1,0,5,0.0
0.5,10,1,0,10,0.0
0.5,10,1,0,40,0.0
0.5,10,1,0,70,0.0
0.5,10,1,0,100,0.0
0.5,10,1,30,0,0.0
0.5,10,1,30,5,0.0
0.5,10,1,30,10,0.0
0.5,10,1,30,40,0.0
0.5,10,1,30,70,0.0
0.5,10,1,30,100,0.0
0.5,10,1,60,0,0.0
0.5,10,1,60,5,0.0
0.5,10,1,60,10,0.0
0.5,10,1,60,40,0.0
0.5,10,1,60,70,0.0
0.5,10,1,60,100,0.0
0.5,10,5,0,0,0.5
0.5,10,5,0,5,0.0
0.5,10,5,0,10,0.0
0.5,10,5,0,40,0.0
0.5,10,5,0,70,0.0
0.5,10,5,0,100,0.0
0.5,10,5,30,0,0.5
0.5,10,5,30,5,0.0
0.5,10,5,30,10,0.0
0.5,10,5,30,40,0.0
0.5,10,5,30,70,0.0
0.5,10,5,30,100,0.0
0.5,10,5,60,0,0.5
0.5,10,5,60,5,0.0
0.5,10,5,60,10,0.0
0.5,10,5,60,40,0.0
0.5,10,5,60,70,0.0
0.5,10,5,60,100,0.0
0.5,10,10,0,0,1.1
0.5,10,10,0,5,0.0
0.5,10,10,0,10,0.0
0.5,10,10,0,40,0.0
0.5,10,10,0,70,0.0
0.5,10,10,0,100,0.0
0.5,10,10,30,0,1.1
0.5,10,10,30,5,0.0
0.5,10,10,30,10,0.0
0.5,10,10,30,40,0.0
0.5,10,10,30,70,0.0
0.5,10,10,30,100,0.0
0.5,10,10,60,0,1.1
0.5,10,10,60,5,0.0
0.5,10,10,60,10,0.0
0.5,10,10,60,40,0.0
0.5,10,10,60,70,0.0
0.5,10,10,60,100,0.0
0.5,10,20,0,0,2.1
0.5,10,20,0,5,0.0
0.5,10,20,0,10,0.0
0.5,10,20,0,40,0.0
0.5,10,20,0,70,0.0
0.5,10,20,0,100,0.0
0.5,10,20,30,0,2.1
0.5,10,20,30,5,0.0
0.5,10,20,30,10,0.0
0.5,10,20,30,40,0.0
0.5,10,20,30,70,0.0
0.5,10,20,30,100,0.0
0.5,10,20,60,0,2.1
0.5,10,20,60,5,0.0
0.5,10,20,60,10,0.0
0.5,10,20,60,40,0.0
0.5,10,20,60,70,0.0
0.5,10,20,60,100,0.0
0.5,10,50,0,0,4.7
0.5,10,50,0,5,0.0
0.5,10,50,0,10,0.0
0.5,10,50,0,40,0.0
0.5,10,50,0,70,0.0
0.5,10,50,0,100,0.0
0.5,10,50,30,0,4.6
0.5,10,50,30,5,0.0
0.5,10,50,30,10,0.0
0.5,10,50,30,40,0.0
0.5,10,50,30,70,0.0
0.5,10,50,30,100,0.0
0.5,10,50,60,0,4.3
0.5,10,50,60,5,0.0
0.5,10,50,60,10,0.0
0.5,10,50,60,40,0.0
0.5,10,50,60,70,0.0
0.5,10,50,60,100,0.0
0.5,50,1,0,0,0.5
0.5,50,1,0,5,0.0
0.5,50,1,0,10,0.0
0.5,50,1,0,40,0.0
0.5,50,1,0,70,0.0
0.5,50,1,0,100,0.0
0.5,50,1,30,0,0.5
0.5,50,1,30,5,0.0
0.5,50,1,30,10,0.0
0.5,50,1,30,40,0.0
0.5,50,1,30,70,0.0
0.5,50,1,30,100,0.0
0.5,50,1,60,0,0.5
0.5,50,1,60,5,0.0
0.5,50,1,60,10,0.0
0.5,50,1,60,40,0.0
0.5,50,1,60,70,0.0
0.5,50,1,60,100,0.0
0.5,50,5,0,0,2.5
0.5,50,5,0,5,0.0
0.5,50,5,0,10,0.0
0.5,50,5,0,40,0.0
0.5,50,5,0,70,0.0
0.5,50,5,0,100,0.0
0.5,50,5,30,0,2.5
0.5,50,5,30,5,0.0
0.5,50,5,30,10,0.0
0.5,50,5,30,40,0.0
0.5,50,5,30,70,0.0
0.5,50,5,30,100,0.0
0.5,50,5,60,0,2.4
0.5,50,5,60,5,0.0
0.5,50,5,60,10,0.0
0.5,50,5,60,40,0.0
0.5,50,5,60,70,0.0
0.5,50,5,60,100,0.0
0.5,50,10,0,0,4.6
0.5,50,10,0,5,0.0
0.5,50,10,0,10,0.0
0.5,50,10,0,40,0.0
0.5,50,10,0,70,0.0
0.5,50,10,0,100,0.0
0.5,50,10,30,0,4.5
0.5,50,10,30,5,0.0
0.5,50,10,30,10,0.0
0.5,50,10,30,40,0.0
0.5,50,10,30,70,0.0
0.5,50,10,30,100,0.0
0.5,50,10,60,0,4.2
0.5,50,10,60,5,0.0
0.5,50,10,60,10,0.0
0.5,50,10,60,40,0.0
0.5,50,10,60,70,0.0
0.5,50,10,60,100,0.0
0.5,50,20,0,0,7.3
0.5,50,20,0,5,0.0
0.5,50,20,0,10,0.0
0.5,50,20,0,40,0.0
0.5,50,20,0,70,0.0
0.5,50,20,0,100,0.0
0.5,50,20,30,0,7.0
0.5,50,20,30,5,0.0
0.5,50,20,30,10,0.0
0.5,50,20,30,40,0.0
0.5,50,20,30,70,0.0
0.5,50,20,30,100,0.0
0.5,50,20,60,0,6.0
0.5,50,20,60,5,0.0
0.5,50,20,60,10,0.0
0.5,50,20,60,40,0.0
0.5,50,20,60,70,0.0
0.5,50,20,60,100,0.0
0.5,50,50,0,0,10.1
0.5,50,50,0,5,0.0
0.5,50,50,0,10,0.0
0.5,50,50,0,40,0.0
0.5,50,50,0,70,0.0
0.5,50,50,0,100,0.0
0.5,50,50,30,0,9.6
0.5,50,50,30,5,0.0
0.5,50,50,30,10,0.0
0.5,50,50,30,40,0.0
0.5,50,50,30,70,0.0
0.5,50,50,30,100,0.0
0.5,50,50,60,0,7.6
0.5,50,50,60,5,0.0
0.5,50,50,60,10,0.0
0.5,50,50,60,40,0.0
0.5,50,50,60,70,0.0
0.5,50,50,60,100,0.0
0.5,100,1,0,0,1.0
0.5,100,1,0,5,0.0
0.5,100,1,0,10,0.0
0.5,100,1,0,40,0.0
0.5,100,1,0,70,0.0
0.5,100,1,0,100,0.0
0.5,100,1,30,0,1.0
0.5,100,1,30,5,0.0
0.5,100,1,30,10,0.0
0.5,100,1,30,40,0.0
0.5,100,1,30,70,0.0
0.5,100,1,30,100,0.0
0.5,100,1,60,0,1.0
0.5,100,1,60,5,0.0
0.5,100,1,60,10,0.0
0.5,100,1,60,40,0.0
0.5,100,1,60,70,0.0
0.5,100,1,60,100,0.0
0.5,100,5,0,0,4.5
0.5,100,5,0,5,0.0
0.5,100,5,0,10,0.0
0.5,100,5,0,40,0.0
0.5,100,5,0,70,0.0
0.5,100,5,0,100,0.0
0.5,100,5,30,0,4.4
0.5,100,5,30,5,0.0
0.5,100,5,30,10,0.0
0.5,100,5,30,40,0.0
0.5,100,5,30,70,0.0
0.5,100,5,30,100,0.0
0.5,100,5,60,0,4.1
0.5,100,5,60,5,0.0
0.5,100,5,60,10,0.0
0.5,100,5,60,40,0.0
0.5,100,5,60,70,0.0
0.5,100,5,60,100,0.0
0.5,100,10,0,0,7.2
0.5,100,10,0,5,0.0
0.5,100,10,0,10,0.0
0.5,100,10,0,40,0.0
0.5,100,10,0,70,0.0
0.5,100,10,0,100,0.0
0.5,100,10,30,0,6.9
0.5,100,10,30,5,0.0
0.5,100,10,30,10,0.0
0.5,100,10,30,40,0.0
0.5,100,10,30,70,0.0
0.5,100,10,30,100,0.0
0.5,100,10,60,0,6.0
0.5,100,10,60,5,0.0
0.5,100,10,60,10,0.0
0.5,100,10,60,40,0.0
0.5,100,10,60,70,0.0
0.5,100,10,60,100,0.0
0.5,100,20,0,0,9.5
0.5,100,20,0,5,0.0
0.5,100,20,0,10,0.0
0.5,100,20,0,40,0.0
0.5,100,20,0,70,0.0
0.5,100,20,0,100,0.0
0.5,100,20,30,0,9.0
0.5,100,20,30,5,0.0
0.5,100,20,30,10,0.0
0.5,100,20,30,40,0.0
0.5,100,20,30,70,0.0
0.5,100,20,30,100,0.0
0.5,100,20,60,0,7.3
0.5,100,20,60,5,0.0
0.5,100,20,60,10,0.0
0.5,100,20,60,40,0.0
0.5,100,20,60,70,0.0
0.5,100,20,60,100,0.0
0.5,100,50,0,0,11.4
0.5,100,50,0,5,6.2
0.5,100,50,0,10,5.6
0.5,100,50,0,40,0.0
0.5,100,50,0,70,0.0
0.5,100,50,0,100,0.0
0.5,100,50,30,0,10.7
0.5,100,50,30,5,0.0
0.5,100,50,30,10,0.0
0.5,100,50,30,40,0.0
0.5,100,50,30,70,0.0
0.5,100,50,30,100,0.0
0.5,100,50,60,0,8.1
0.5,100,50,60,5,0.0
0.5,100,50,60,10,0.0
0.5,100,50,60,40,0.0
0.5,100,50,60,70,0.0
0.5,100,50,60,100,0.0
0.5,500,1,0,0,4.0
0.5,500,1,0,5,0.0
0.5,500,1,0,10,0.0
0.5,500,1,0,40,0.0
0.5,500,1,0,70,0.0
0.5,500,1,0,100,0.0
0.5,500,1,30,0,4.0
0.5,500,1,30,5,0.0
0.5,500,1,30,10,0.0
0.5,500,1,30,40,0.0
0.5,500,1,30,70,0.0
0.5,500,1,30,100,0.0
0.5,500,1,60,0,3.7
0.5,500,1,60,5,0.0
0.5,500,1,60,10,0.0
0.5,500,1,60,40,0.0
0.5,500,1,60,70,0.0
0.5,500,1,60,100,0.0
0.5,500,5,0,0,9.9
0.5,500,5,0,5,0.0
0.5,500,5,0,10,0.0
0.5,500,5,0,40,0.0
0.5,500,5,0,70,0.0
0.5,500,5,0,100,0.0
0.5,500,5,30,0,9.4
0.5,500,5,30,5,0.0
0.5,500,5,30,10,0.0
0.5,500,5,30,40,0.0
0.5,500,5,30,70,0.0
0.5,500,5,30,100,0.0
0.5,500,5,60,0,7.6
0.5,500,5,60,5,0.0
0.5,500,5,60,10,0.0
0.5,500,5,60,40,0.0
0.5,500,5,60,70,0.0
0.5,500,5,60,100,0.0
0.5,500,10,0,0,11.2
0.5,500,10,0,5,0.0
0.5,500,10,0,10,0.0
0.5,500,10,0,40,0.0
0.5,500,10,0,70,0.0
0.5,500,10,0,100,0.0
0.5,500,10,30,0,10.5
0.5,500,10,30,5,0.0
0.5,500,10,30,10,0.0
0.5,500,10,30,40,0.0
0.5,500,10,30,70,0.0
0.5,500,10,30,100,0.0
0.5,500,10,60,0,8.3
0.5,500,10,60,5,0.0
0.5,500,10,60,10,0.0
0.5,500,10,60,40,0.0
0.5,500,10,60,70,0.0
0.5,500,10,60,100,0.0
0.5,500,20,0,0,11.7
0.5,500,20,0,5,0.0
0.5,500,20,0,10,0.0
0.5,500,20,0,40,0.0
0.5,500,20,0,70,0.0
0.5,500,20,0,100,0.0
0.5,500,20,30,0,11.0
0.5,500,20,30,5,0.0
0.5,500,20,30,10,0.0
0.5,500,20,30,40,0.0
0.5,500,20,30,70,0.0
0.5,500,20,30,100,0.0
0.5,500,20,60,0,8.6
0.5,500,20,60,5,0.0
0.5,500,20,60,10,0.0
0.5,500,20,60,40,0.0
0.5,500,20,60,70,0.0
0.5,500,20,60,100,0.0
0.5,500,50,0,0,12.2
0.5,500,50,0,5,8.3
0.5,500,50,0,10,0.0
0.5,500,50,0,40,0.0
0.5,500,50,0,70,0.0
0.5,500,50,0,100,0.0
0.5,500,50,30,0,11.3
0.5,500,50,30,5,0.0
0.5,500,50,30,10,0.0
0.5,500,50,30,40,0.0
0.5,500,50,30,70,0.0
0.5,500,50,30,100,0.0
0.5,500,50,60,0,8.8
0.5,500,50,60,5,0.0
0.5,500,50,60,10,0.0
0.5,500,50,60,40,0.0
0.5,500,50,60,70,0.0
0.5,500,50,60,100,0.0
0.5,1000,1,0,0,6.3
0.5,1000,1,0,5,0.0
0.5,1000,1,0,10,0.0
0.5,1000,1,0,40,0.0
0.5,1000,1,0,70,0.0
0.5,1000,1,0,100,0.0
0.5,1000,1,30,0,6.1
0.5,1000,1,30,5,0.0
0.5,1000,1,30,10,0.0
0.5,1000,1,30,40,0.0
0.5,1000,1,30,70,0.0
0.5,1000,1,30,100,0.0
0.5,1000,1,60,0,5.5
0.5,1000,1,60,5,0.0
0.5,1000,1,60,10,0.0
0.5,1000,1,60,40,0.0
0.5,1000,1,60,70,0.0
0.5,1000,1,60,100,0.0
0.5,1000,5,0,0,11.3
0.5,1000,5,0,5,0.0
0.5,1000,5,0,10,0.0
0.5,1000,5,0,40,0.0
0.5,1000,5,0,70,0.0
0.5,1000,5,0,100,0.0
0.5,1000,5,30,0,10.6
0.5,1000,5,30,5,0.0
0.5,1000,5,30,10,0.0
0.5,1000,5,30,40,0.0
0.5,1000,5,30,70,0.0
0.5,1000,5,30,100,0.0
0.5,1000,5,60,0,8.3
0.5,1000,5,60,5,0.0
0.5,1000,5,60,10,0.0
0.5,1000,5,60,40,0.0
0.5,1000,5,60,70,0.0
0.5,1000,5,60,100,0.0
0.5,1000,10,0,0,11.7
0.5,1000,10,0,5,7.6
0.5,1000,10,0,10,0.0
0.5,1000,10,0,40,0.0
0.5,1000,10,0,70,0.0
0.5,1000,10,0,100,0.0
0.5,1000,10,30,0,10.9
0.5,1000,10,30,5,0.0
0.5,1000,10,30,10,0.0
0.5,1000,10,30,40,0.0
0.5,1000,10,30,70,0.0
0.5,1000,10,30,100,0.0
0.5,1000,10,60,0,8.6
0.5,1000,10,60,5,0.0
0.5,1000,10,60,10,0.0
0.5,1000,10,60,40,0.0
0.5,1000,10,60,70,0.0
0.5,1000,10,60,100,0.0
0.5,1000,20,0,0,12.1
0.5,1000,20,0,5,8.3
0.5,1000,20,0,10,0.0
0.5,1000,20,0,40,0.0
0.5,1000,20,0,70,0.0
0.5,1000,20,0,100,0.0
0.5,1000,20,30,0,11.3
0.5,1000,20,30,5,0.0
0.5,1000,20,30,10,0.0
0.5,1000,20,30,40,0.0
0.5,1000,20,30,70,0.0
0.5,1000,20,30,100,0.0
0.5,1000,20,60,0,8.8
0.5,1000,20,60,5,0.0
0.5,1000,20,60,10,0.0
0.5,1000,20,60,40,0.0
0.5,1000,20,60,70,0.0
0.5,1000,20,60,100,0.0
0.5,1000,50,0,0,12.3
0.5,1000,50,0,5,8.5
0.5,1000,50,0,10,0.0
0.5,1000,50,0,40,0.0
0.5,1000,50,0,70,0.0
0.5,1000,50,0,100,0.0
0.5,1000,50,30,0,11.5
0.5,1000,50,30,5,0.0
0.5,1000,50,30,10,0.0
0.5,1000,50,30,40,0.0
0.5,1000,50,30,70,0.0
0.5,1000,50,30,100,0.0
0.5,1000,50,60,0,8.9
0.5,1000,50,60,5,0.0
0.5,1000,50,60,10,0.0
0.5,1000,50,60,40,0.0
0.5,1000,50,60,70,0.0
0.5,1000,50,60,100,0.0
0.5,3000,1,0,0,9.8
0.5,3000,1,0,5,0.0
0.5,3000,1,0,10,0.0
0.5,3000,1,0,40,0.0
0.5,3000,1,0,70,0.0
0.5,3000,1,0,100,0.0
0.5,3000,1,30,0,9.3
0.5,3000,1,30,5,0.0
0.5,3000,1,30,10,0.0
0.5,3000,1,30,40,0.0
0.5,3000,1,30,70,0.0
0.5,3000,1,30,100,0.0
0.5,3000,1,60,0,7.6
0.5,3000,1,60,5,0.0
0.5,3000,1,60,10,0.0
0.5,3000,1,60,40,0.0
0.5,3000,1,60,70,0.0
0.5,3000,1,60,100,0.0
0.5,3000,5,0,0,11.9
0.5,3000,5,0,5,8.2
0.5,3000,5,0,10,0.0
0.5,3000,5,0,40,0.0
0.5,3000,5,0,70,0.0
0.5,3000,5,0,100,0.0
0.5,3000,5,30,0,11.1
0.5,3000,5,30,5,0.0
0.5,3000,5,30,10,0.0
0.5,3000,5,30,40,0.0
0.5,3000,5,30,70,0.0
0.5,3000,5,30,100,0.0
0.5,3000,5,60,0,8.7
0.5,3000,5,60,5,0.0
0.5,3000,5,60,10,0.0
0.5,3000,5,60,40,0.0
0.5,3000,5,60,70,0.0
0.5,3000,5,60,100,0.0
0.5,3000,10,0,0,12.2
0.5,3000,10,0,5,8.4
0.5,3000,10,0,10,0.0
0.5,3000,10,0,40,0.0
0.5,3000,10,0,70,0.0
0.5,3000,10,0,100,0.0
0.5,3000,10,30,0,11.4
0.5,3000,10,30,5,0.0
0.5,3000,10,30,10,0.0
0.5,3000,10,30,40,0.0
0.5,3000,10,30,70,0.0
0.5,3000,10,30,100,0.0
0.5,3000,10,60,0,8.9
0.5,3000,10,60,5,0.0
0.5,3000,10,60,10,0.0
0.5,3000,10,60,40,0.0
0.5,3000,10,60,70,0.0
0.5,3000,10,60,100,0.0
0.5,3000,20,0,0,12.3
0.5,3000,20,0,5,8.5
0.5,3000,20,0,10,0.0
0.5,3000,20,0,40,0.0
0.5,3000,20,0,70,0.0
0.5,3000,20,0,100,0.0
0.5,3000,20,30,0,11.5
0.5,3000,20,30,5,0.0
0.5,3000,20,30,10,0.0
0.5,3000,20,30,40,0.0
0.5,3000,20,30,70,0.0
0.5,3000,20,30,100,0.0
0.5,3000,20,60,0,8.9
0.5,3000,20,60,5,0.0
0.5,3000,20,60,10,0.0
0.5,3000,20,60,40,0.0
0.5,3000,20,60,70,0.0
0.5,3000,20,60,100,0.0
0.5,3000,50,0,0,12.4
0.5,3000,50,0,5,8.5
0.5,3000,50,0,10,0.0
0.5,3000,50,0,40,0.0
0.5,3000,50,0,70,0.0
0.5,3000,50,0,100,0.0
0.5,3000,50,30,0,11.5
0.5,3000,50,30,5,0.0
0.5,3000,50,30,10,0.0
0.5,3000,50,30,40,0.0
0.5,3000,50,30,70,0.0
0.5,3000,50,30,100,0.0
0.5,3000,50,60,0,9.0
0.5,3000,50,60,5,0.0
0.5,3000,50,60,10,0.0
0.5,3000,50,60,40,0.0
0.5,3000,50,60,70,0.0
0.5,3000,50,60,100,0.0
